store_location,product_category,product_detail,transaction_date,day_of_month,Day_name,Month_name,time_of_day,time_bucket,number_of_sales,number_of_products,number_of_stores,revenue_per_day,day_type,spend_bucket
Lower Manhattan,Coffee,Ethiopia Rg,2023-01-01,1,Sun,Jan,07:06:11,Early,1,1,1,6,Weekday,Low
Lower Manhattan,Tea,Spicy Eye Opener Chai Lg,2023-01-01,1,Sun,Jan,07:08:56,Early,1,1,1,6.2,Weekday,Low
Lower Manhattan,Drinking Chocolate,Dark chocolate Lg,2023-01-01,1,Sun,Jan,07:14:04,Early,1,1,1,9,Weekday,Low
Lower Manhattan,Coffee,Our Old Time Diner Blend Sm,2023-01-01,1,Sun,Jan,07:20:24,Early,1,1,1,2,Weekday,Low
Lower Manhattan,Tea,Spicy Eye Opener Chai Lg,2023-01-01,1,Sun,Jan,07:22:41,Early,1,1,1,6.2,Weekday,Low
Lower Manhattan,Bakery,Oatmeal Scone,2023-01-01,1,Sun,Jan,07:22:41,Early,1,1,1,3,Weekday,Low
Lower Manhattan,Coffee,Our Old Time Diner Blend Sm,2023-01-01,1,Sun,Jan,07:25:49,Early,1,1,1,2,Weekday,Low
Lower Manhattan,Coffee,Columbian Medium Roast Sm,2023-01-01,1,Sun,Jan,07:33:34,Early,1,1,1,4,Weekday,Low
Lower Manhattan,Coffee,Latte Rg,2023-01-01,1,Sun,Jan,07:39:13,Early,1,1,1,4.25,Weekday,Low
Lower Manhattan,Drinking Chocolate,Dark chocolate Rg,2023-01-01,1,Sun,Jan,07:39:34,Early,1,1,1,7,Weekday,Low
Lower Manhattan,Tea,Spicy Eye Opener Chai Rg,2023-01-01,1,Sun,Jan,07:43:05,Early,1,1,1,2.55,Weekday,Low
Lower Manhattan,Coffee,Ethiopia Lg,2023-01-01,1,Sun,Jan,07:44:35,Early,1,1,1,7,Weekday,Low
Lower Manhattan,Tea,Earl Grey Lg,2023-01-01,1,Sun,Jan,07:45:51,Early,1,1,1,3,Weekday,Low
Lower Manhattan,Tea,Spicy Eye Opener Chai Lg,2023-01-01,1,Sun,Jan,07:48:19,Early,1,1,1,3.1,Weekday,Low
Lower Manhattan,Coffee,Ouro Brasileiro shot,2023-01-01,1,Sun,Jan,07:52:36,Early,1,1,1,6,Weekday,Low
Lower Manhattan,Tea,Serenity Green Tea Lg,2023-01-01,1,Sun,Jan,07:59:58,Early,1,1,1,6,Weekday,Low
Lower Manhattan,Bakery,Jumbo Savory Scone,2023-01-01,1,Sun,Jan,07:59:58,Early,1,1,1,3.75,Weekday,Low
Hell's Kitchen,Tea,Lemon Grass Rg,2023-01-01,1,Sun,Jan,08:00:18,Early,1,1,1,2.5,Weekday,Low
Hell's Kitchen,Drinking Chocolate,Dark chocolate Lg,2023-01-01,1,Sun,Jan,08:00:39,Early,1,1,1,9,Weekday,Low
Hell's Kitchen,Drinking Chocolate,Sustainably Grown Organic Lg,2023-01-01,1,Sun,Jan,08:11:45,Early,1,1,1,4.75,Weekday,Low
Hell's Kitchen,Coffee,Ethiopia Lg,2023-01-01,1,Sun,Jan,08:17:27,Early,1,1,1,7,Weekday,Low
Lower Manhattan,Tea,Spicy Eye Opener Chai Rg,2023-01-01,1,Sun,Jan,08:24:26,Early,1,1,1,5.1,Weekday,Low
Lower Manhattan,Bakery,Hazelnut Biscotti,2023-01-01,1,Sun,Jan,08:24:26,Early,1,1,1,3.25,Weekday,Low
Hell's Kitchen,Tea,Spicy Eye Opener Chai Rg,2023-01-01,1,Sun,Jan,08:29:38,Early,1,1,1,2.55,Weekday,Low
Hell's Kitchen,Coffee,Cappuccino,2023-01-01,1,Sun,Jan,08:31:23,Early,1,1,1,3.75,Weekday,Low
Lower Manhattan,Tea,Lemon Grass Lg,2023-01-01,1,Sun,Jan,08:33:08,Early,1,1,1,3,Weekday,Low
Lower Manhattan,Bakery,Chocolate Chip Biscotti,2023-01-01,1,Sun,Jan,08:33:08,Early,1,1,1,3.5,Weekday,Low
Lower Manhattan,Tea,Peppermint Lg,2023-01-01,1,Sun,Jan,08:35:03,Early,1,1,1,6,Weekday,Low
Lower Manhattan,Bakery,Chocolate Croissant,2023-01-01,1,Sun,Jan,08:35:03,Early,1,1,1,3.75,Weekday,Low
Hell's Kitchen,Coffee,Cappuccino,2023-01-01,1,Sun,Jan,08:41:57,Early,1,1,1,7.5,Weekday,Low
Hell's Kitchen,Coffee,Latte,2023-01-01,1,Sun,Jan,08:52:03,Early,1,1,1,3.75,Weekday,Low
Lower Manhattan,Coffee,Brazilian Rg,2023-01-01,1,Sun,Jan,08:52:32,Early,1,1,1,3,Weekday,Low
Lower Manhattan,Coffee,Brazilian Lg,2023-01-01,1,Sun,Jan,08:54:33,Early,1,1,1,7,Weekday,Low
Lower Manhattan,Coffee,Columbian Medium Roast Rg,2023-01-01,1,Sun,Jan,08:56:27,Early,1,1,1,5,Weekday,Low
Hell's Kitchen,Tea,Morning Sunrise Chai Rg,2023-01-01,1,Sun,Jan,08:57:46,Early,1,1,1,2.5,Weekday,Low
Lower Manhattan,Coffee,Brazilian Rg,2023-01-01,1,Sun,Jan,08:58:55,Early,1,1,1,3,Weekday,Low
Lower Manhattan,Tea,Morning Sunrise Chai Lg,2023-01-01,1,Sun,Jan,09:00:12,Early,1,1,1,4,Weekday,Low
Hell's Kitchen,Coffee,Cappuccino,2023-01-01,1,Sun,Jan,09:00:24,Early,1,1,1,7.5,Weekday,Low
Hell's Kitchen,Tea,Peppermint Lg,2023-01-01,1,Sun,Jan,09:07:13,Early,1,1,1,3,Weekday,Low
Hell's Kitchen,Tea,Peppermint Lg,2023-01-01,1,Sun,Jan,09:08:09,Early,1,1,1,6,Weekday,Low
Hell's Kitchen,Coffee,Our Old Time Diner Blend Lg,2023-01-01,1,Sun,Jan,09:08:13,Early,1,1,1,3,Weekday,Low
Lower Manhattan,Drinking Chocolate,Sustainably Grown Organic Rg,2023-01-01,1,Sun,Jan,09:10:30,Early,1,1,1,7.5,Weekday,Low
Lower Manhattan,Bakery,Scottish Cream Scone ,2023-01-01,1,Sun,Jan,09:10:30,Early,1,1,1,4.5,Weekday,Low
Lower Manhattan,Tea,Spicy Eye Opener Chai Rg,2023-01-01,1,Sun,Jan,09:11:06,Early,1,1,1,2.55,Weekday,Low
Lower Manhattan,Bakery,Oatmeal Scone,2023-01-01,1,Sun,Jan,09:11:06,Early,1,1,1,3,Weekday,Low
Lower Manhattan,Tea,Peppermint Rg,2023-01-01,1,Sun,Jan,09:13:01,Early,1,1,1,2.5,Weekday,Low
Lower Manhattan,Tea,Spicy Eye Opener Chai Rg,2023-01-01,1,Sun,Jan,09:13:15,Early,1,1,1,5.1,Weekday,Low
Lower Manhattan,Tea,English Breakfast Rg,2023-01-01,1,Sun,Jan,09:14:16,Early,1,1,1,2.5,Weekday,Low
Hell's Kitchen,Coffee,Our Old Time Diner Blend Rg,2023-01-01,1,Sun,Jan,09:14:17,Early,1,1,1,2.5,Weekday,Low
Hell's Kitchen,Tea,Serenity Green Tea Rg,2023-01-01,1,Sun,Jan,09:14:25,Early,1,1,1,2.5,Weekday,Low
Hell's Kitchen,Coffee,Ethiopia Rg,2023-01-01,1,Sun,Jan,09:14:41,Early,1,1,1,3,Weekday,Low
Lower Manhattan,Tea,Serenity Green Tea Lg,2023-01-01,1,Sun,Jan,09:15:09,Early,1,1,1,6,Weekday,Low
Lower Manhattan,Tea,Lemon Grass Lg,2023-01-01,1,Sun,Jan,09:15:13,Early,1,1,1,6,Weekday,Low
Lower Manhattan,Coffee,Brazilian Sm,2023-01-01,1,Sun,Jan,09:19:21,Early,1,1,1,4.4,Weekday,Low
Hell's Kitchen,Drinking Chocolate,Dark chocolate Lg,2023-01-01,1,Sun,Jan,09:19:26,Early,1,1,1,4.5,Weekday,Low
Lower Manhattan,Coffee,Latte,2023-01-01,1,Sun,Jan,09:21:08,Early,1,1,1,3.75,Weekday,Low
Hell's Kitchen,Tea,Peppermint Lg,2023-01-01,1,Sun,Jan,09:22:17,Early,1,1,1,3,Weekday,Low
Lower Manhattan,Coffee,Jamaican Coffee River Sm,2023-01-01,1,Sun,Jan,09:22:46,Early,1,1,1,2.45,Weekday,Low
Hell's Kitchen,Coffee,Jamaican Coffee River Lg,2023-01-01,1,Sun,Jan,09:29:56,Early,1,1,1,7.5,Weekday,Low
Hell's Kitchen,Bakery,Ginger Biscotti,2023-01-01,1,Sun,Jan,09:29:56,Early,1,1,1,3.5,Weekday,Low
Hell's Kitchen,Tea,Traditional Blend Chai Lg,2023-01-01,1,Sun,Jan,09:29:57,Early,1,1,1,3,Weekday,Low
Hell's Kitchen,Coffee,Cappuccino Lg,2023-01-01,1,Sun,Jan,09:34:17,Early,1,1,1,8.5,Weekday,Low
Lower Manhattan,Coffee,Cappuccino Lg,2023-01-01,1,Sun,Jan,09:40:13,Early,1,1,1,4.25,Weekday,Low
Lower Manhattan,Tea,Peppermint Lg,2023-01-01,1,Sun,Jan,09:41:22,Early,1,1,1,6,Weekday,Low
Lower Manhattan,Bakery,Jumbo Savory Scone,2023-01-01,1,Sun,Jan,09:41:22,Early,1,1,1,3.75,Weekday,Low
Lower Manhattan,Tea,Morning Sunrise Chai Rg,2023-01-01,1,Sun,Jan,09:44:20,Early,1,1,1,5,Weekday,Low
Lower Manhattan,Coffee,Our Old Time Diner Blend Lg,2023-01-01,1,Sun,Jan,09:44:46,Early,1,1,1,3,Weekday,Low
Lower Manhattan,Coffee,Espresso shot,2023-01-01,1,Sun,Jan,09:46:46,Early,1,1,1,6,Weekday,Low
Hell's Kitchen,Coffee,Cappuccino,2023-01-01,1,Sun,Jan,09:47:40,Early,1,1,1,7.5,Weekday,Low
Lower Manhattan,Coffee,Espresso shot,2023-01-01,1,Sun,Jan,09:50:44,Early,1,1,1,6,Weekday,Low
Lower Manhattan,Bakery,Hazelnut Biscotti,2023-01-01,1,Sun,Jan,09:50:44,Early,1,1,1,3.25,Weekday,Low
Lower Manhattan,Tea,Earl Grey Rg,2023-01-01,1,Sun,Jan,09:52:58,Early,1,1,1,2.5,Weekday,Low
Hell's Kitchen,Tea,Serenity Green Tea Lg,2023-01-01,1,Sun,Jan,09:53:28,Early,1,1,1,3,Weekday,Low
Hell's Kitchen,Coffee,Cappuccino,2023-01-01,1,Sun,Jan,09:53:44,Early,1,1,1,7.5,Weekday,Low
Hell's Kitchen,Bakery,Ginger Scone,2023-01-01,1,Sun,Jan,09:53:44,Early,1,1,1,3.25,Weekday,Low
Hell's Kitchen,Coffee,Jamaican Coffee River Rg,2023-01-01,1,Sun,Jan,09:53:49,Early,1,1,1,3.1,Weekday,Low
Lower Manhattan,Coffee,Our Old Time Diner Blend Rg,2023-01-01,1,Sun,Jan,09:54:46,Early,1,1,1,2.5,Weekday,Low
Lower Manhattan,Tea,Lemon Grass Lg,2023-01-01,1,Sun,Jan,09:55:16,Early,1,1,1,6,Weekday,Low
Hell's Kitchen,Coffee,Our Old Time Diner Blend Sm,2023-01-01,1,Sun,Jan,09:56:30,Early,1,1,1,2,Weekday,Low
Hell's Kitchen,Coffee,Ethiopia Rg,2023-01-01,1,Sun,Jan,10:00:39,Early,1,1,1,6,Weekday,Low
Hell's Kitchen,Coffee,Jamaican Coffee River Lg,2023-01-01,1,Sun,Jan,10:03:55,Early,1,1,1,7.5,Weekday,Low
Lower Manhattan,Coffee,Brazilian Rg,2023-01-01,1,Sun,Jan,10:14:49,Early,1,1,1,3,Weekday,Low
Lower Manhattan,Bakery,Chocolate Croissant,2023-01-01,1,Sun,Jan,10:14:49,Early,1,1,1,3.75,Weekday,Low
Lower Manhattan,Coffee,Ethiopia Rg,2023-01-01,1,Sun,Jan,10:16:30,Early,1,1,1,6,Weekday,Low
Hell's Kitchen,Tea,Morning Sunrise Chai Rg,2023-01-01,1,Sun,Jan,10:16:33,Early,1,1,1,2.5,Weekday,Low
Hell's Kitchen,Coffee,Cappuccino Lg,2023-01-01,1,Sun,Jan,10:18:14,Early,1,1,1,8.5,Weekday,Low
Lower Manhattan,Coffee,Brazilian Sm,2023-01-01,1,Sun,Jan,10:18:52,Early,1,1,1,4.4,Weekday,Low
Lower Manhattan,Coffee,Our Old Time Diner Blend Rg,2023-01-01,1,Sun,Jan,10:19:42,Early,1,1,1,5,Weekday,Low
Hell's Kitchen,Tea,Morning Sunrise Chai Rg,2023-01-01,1,Sun,Jan,10:24:19,Early,1,1,1,2.5,Weekday,Low
Hell's Kitchen,Tea,Spicy Eye Opener Chai Rg,2023-01-01,1,Sun,Jan,10:25:22,Early,1,1,1,5.1,Weekday,Low
Lower Manhattan,Drinking Chocolate,Dark chocolate Rg,2023-01-01,1,Sun,Jan,10:25:45,Early,1,1,1,7,Weekday,Low
Lower Manhattan,Bakery,Ginger Biscotti,2023-01-01,1,Sun,Jan,10:25:45,Early,1,1,1,3.5,Weekday,Low
Hell's Kitchen,Tea,Serenity Green Tea Lg,2023-01-01,1,Sun,Jan,10:27:48,Early,1,1,1,6,Weekday,Low
Lower Manhattan,Coffee,Jamaican Coffee River Rg,2023-01-01,1,Sun,Jan,10:30:07,Early,1,1,1,3.1,Weekday,Low
Lower Manhattan,Bakery,Cranberry Scone,2023-01-01,1,Sun,Jan,10:30:07,Early,1,1,1,3.25,Weekday,Low
Hell's Kitchen,Drinking Chocolate,Sustainably Grown Organic Rg,2023-01-01,1,Sun,Jan,10:35:47,Early,1,1,1,3.75,Weekday,Low
Lower Manhattan,Drinking Chocolate,Dark chocolate Lg,2023-01-01,1,Sun,Jan,10:41:53,Early,1,1,1,4.5,Weekday,Low
Lower Manhattan,Coffee,Jamaican Coffee River Lg,2023-01-01,1,Sun,Jan,10:47:53,Early,1,1,1,7.5,Weekday,Low
Hell's Kitchen,Tea,Earl Grey Lg,2023-01-01,1,Sun,Jan,10:49:13,Early,1,1,1,6,Weekday,Low
Lower Manhattan,Drinking Chocolate,Sustainably Grown Organic Lg,2023-01-01,1,Sun,Jan,10:49:51,Early,1,1,1,9.5,Weekday,Low
Lower Manhattan,Tea,Serenity Green Tea Lg,2023-01-01,1,Sun,Jan,10:51:17,Early,1,1,1,3,Weekday,Low
Hell's Kitchen,Coffee,Our Old Time Diner Blend Rg,2023-01-01,1,Sun,Jan,10:52:44,Early,1,1,1,5,Weekday,Low
Hell's Kitchen,Bakery,Almond Croissant,2023-01-01,1,Sun,Jan,10:52:44,Early,1,1,1,3.75,Weekday,Low
Lower Manhattan,Coffee,Latte,2023-01-01,1,Sun,Jan,10:56:14,Early,1,1,1,3.75,Weekday,Low
Lower Manhattan,Bakery,Chocolate Chip Biscotti,2023-01-01,1,Sun,Jan,10:56:14,Early,1,1,1,3.5,Weekday,Low
Astoria,Coffee,Our Old Time Diner Blend Sm,2023-01-01,1,Sun,Jan,11:01:48,Early,1,1,1,2,Weekday,Low
Astoria,Coffee,Latte,2023-01-01,1,Sun,Jan,11:01:58,Early,1,1,1,3.75,Weekday,Low
Astoria,Bakery,Croissant,2023-01-01,1,Sun,Jan,11:01:58,Early,1,1,1,3.5,Weekday,Low
Lower Manhattan,Tea,Serenity Green Tea Lg,2023-01-01,1,Sun,Jan,11:03:25,Early,1,1,1,6,Weekday,Low
Lower Manhattan,Bakery,Croissant,2023-01-01,1,Sun,Jan,11:03:25,Early,1,1,1,3.5,Weekday,Low
Hell's Kitchen,Coffee,Latte Rg,2023-01-01,1,Sun,Jan,11:04:32,Early,1,1,1,8.5,Weekday,Low
Astoria,Drinking Chocolate,Dark chocolate Lg,2023-01-01,1,Sun,Jan,11:08:11,Early,1,1,1,4.5,Weekday,Low
Hell's Kitchen,Tea,Earl Grey Lg,2023-01-01,1,Sun,Jan,11:08:59,Early,1,1,1,6,Weekday,Low
Astoria,Drinking Chocolate,Dark chocolate Lg,2023-01-01,1,Sun,Jan,11:09:01,Early,1,1,1,4.5,Weekday,Low
Astoria,Tea,Serenity Green Tea Lg,2023-01-01,1,Sun,Jan,11:10:21,Early,1,1,1,3,Weekday,Low
Astoria,Bakery,Jumbo Savory Scone,2023-01-01,1,Sun,Jan,11:10:21,Early,1,1,1,3.75,Weekday,Low
Astoria,Tea,Serenity Green Tea Rg,2023-01-01,1,Sun,Jan,11:10:58,Early,1,1,1,2.5,Weekday,Low
Astoria,Tea,Lemon Grass Lg,2023-01-01,1,Sun,Jan,11:12:29,Early,1,1,1,3,Weekday,Low
Astoria,Tea,Peppermint Lg,2023-01-01,1,Sun,Jan,11:16:02,Early,1,1,1,6,Weekday,Low
Hell's Kitchen,Tea,Morning Sunrise Chai Rg,2023-01-01,1,Sun,Jan,11:21:00,Early,1,1,1,5,Weekday,Low
Lower Manhattan,Tea,Earl Grey Lg,2023-01-01,1,Sun,Jan,11:21:04,Early,1,1,1,6,Weekday,Low
Astoria,Drinking Chocolate,Sustainably Grown Organic Rg,2023-01-01,1,Sun,Jan,11:21:14,Early,1,1,1,3.75,Weekday,Low
Hell's Kitchen,Coffee,Ethiopia Sm,2023-01-01,1,Sun,Jan,11:23:01,Early,1,1,1,2.2,Weekday,Low
Lower Manhattan,Drinking Chocolate,Sustainably Grown Organic Rg,2023-01-01,1,Sun,Jan,11:23:43,Early,1,1,1,7.5,Weekday,Low
Lower Manhattan,Bakery,Oatmeal Scone,2023-01-01,1,Sun,Jan,11:23:43,Early,1,1,1,3,Weekday,Low
Astoria,Tea,English Breakfast Lg,2023-01-01,1,Sun,Jan,11:25:35,Early,1,1,1,6,Weekday,Low
Lower Manhattan,Coffee,Cappuccino,2023-01-01,1,Sun,Jan,11:25:37,Early,1,1,1,7.5,Weekday,Low
Hell's Kitchen,Tea,Peppermint Rg,2023-01-01,1,Sun,Jan,11:28:15,Early,1,1,1,5,Weekday,Low
Astoria,Coffee,Ethiopia Lg,2023-01-01,1,Sun,Jan,11:28:29,Early,1,1,1,7,Weekday,Low
Lower Manhattan,Tea,Spicy Eye Opener Chai Rg,2023-01-01,1,Sun,Jan,11:29:25,Early,1,1,1,5.1,Weekday,Low
Hell's Kitchen,Coffee,Jamaican Coffee River Rg,2023-01-01,1,Sun,Jan,11:29:57,Early,1,1,1,6.2,Weekday,Low
Hell's Kitchen,Bakery,Scottish Cream Scone ,2023-01-01,1,Sun,Jan,11:29:57,Early,1,1,1,4.5,Weekday,Low
Hell's Kitchen,Coffee,Our Old Time Diner Blend Rg,2023-01-01,1,Sun,Jan,11:30:22,Early,1,1,1,2.5,Weekday,Low
Hell's Kitchen,Coffee,Our Old Time Diner Blend Lg,2023-01-01,1,Sun,Jan,11:31:35,Early,1,1,1,3,Weekday,Low
Lower Manhattan,Tea,Earl Grey Lg,2023-01-01,1,Sun,Jan,11:31:43,Early,1,1,1,6,Weekday,Low
Lower Manhattan,Bakery,Ginger Scone,2023-01-01,1,Sun,Jan,11:31:43,Early,1,1,1,3.25,Weekday,Low
Lower Manhattan,Tea,Morning Sunrise Chai Rg,2023-01-01,1,Sun,Jan,11:31:53,Early,1,1,1,5,Weekday,Low
Lower Manhattan,Bakery,Croissant,2023-01-01,1,Sun,Jan,11:31:53,Early,1,1,1,3.5,Weekday,Low
Lower Manhattan,Drinking Chocolate,Sustainably Grown Organic Rg,2023-01-01,1,Sun,Jan,11:39:14,Early,1,1,1,3.75,Weekday,Low
Lower Manhattan,Bakery,Chocolate Croissant,2023-01-01,1,Sun,Jan,11:39:14,Early,1,1,1,3.75,Weekday,Low
Astoria,Tea,Traditional Blend Chai Rg,2023-01-01,1,Sun,Jan,11:40:26,Early,1,1,1,5,Weekday,Low
Astoria,Coffee,Brazilian Sm,2023-01-01,1,Sun,Jan,11:43:57,Early,1,1,1,4.4,Weekday,Low
Lower Manhattan,Coffee,Latte,2023-01-01,1,Sun,Jan,11:44:09,Early,1,1,1,3.75,Weekday,Low
Astoria,Coffee,Columbian Medium Roast Lg,2023-01-01,1,Sun,Jan,11:47:13,Early,1,1,1,3,Weekday,Low
Hell's Kitchen,Tea,Earl Grey Rg,2023-01-01,1,Sun,Jan,11:48:56,Early,1,1,1,5,Weekday,Low
Hell's Kitchen,Tea,Morning Sunrise Chai Rg,2023-01-01,1,Sun,Jan,11:49:42,Early,1,1,1,2.5,Weekday,Low
Hell's Kitchen,Bakery,Ginger Scone,2023-01-01,1,Sun,Jan,11:49:42,Early,1,1,1,3.25,Weekday,Low
Astoria,Coffee,Brazilian Rg,2023-01-01,1,Sun,Jan,11:50:16,Early,1,1,1,6,Weekday,Low
Astoria,Coffee,Jamaican Coffee River Lg,2023-01-01,1,Sun,Jan,11:50:23,Early,1,1,1,7.5,Weekday,Low
Lower Manhattan,Tea,Peppermint Lg,2023-01-01,1,Sun,Jan,11:50:58,Early,1,1,1,6,Weekday,Low
Hell's Kitchen,Coffee,Ethiopia Lg,2023-01-01,1,Sun,Jan,11:51:30,Early,1,1,1,7,Weekday,Low
Lower Manhattan,Tea,Spicy Eye Opener Chai Lg,2023-01-01,1,Sun,Jan,11:52:31,Early,1,1,1,3.1,Weekday,Low
Astoria,Coffee,Espresso shot,2023-01-01,1,Sun,Jan,11:57:17,Early,1,1,1,6,Weekday,Low
Astoria,Tea,Earl Grey Rg,2023-01-01,1,Sun,Jan,11:57:59,Early,1,1,1,2.5,Weekday,Low
Astoria,Bakery,Jumbo Savory Scone,2023-01-01,1,Sun,Jan,11:57:59,Early,1,1,1,3.75,Weekday,Low
Astoria,Drinking Chocolate,Sustainably Grown Organic Rg,2023-01-01,1,Sun,Jan,11:58:15,Early,1,1,1,7.5,Weekday,Low
Lower Manhattan,Coffee,Columbian Medium Roast Rg,2023-01-01,1,Sun,Jan,12:00:20,Mid-day,1,1,1,2.5,Weekday,Low
Astoria,Tea,English Breakfast Lg,2023-01-01,1,Sun,Jan,12:01:00,Mid-day,1,1,1,6,Weekday,Low
Astoria,Coffee,Jamaican Coffee River Rg,2023-01-01,1,Sun,Jan,12:01:20,Mid-day,1,1,1,6.2,Weekday,Low
Astoria,Bakery,Croissant,2023-01-01,1,Sun,Jan,12:01:20,Mid-day,1,1,1,3.5,Weekday,Low
Hell's Kitchen,Coffee,Jamaican Coffee River Lg,2023-01-01,1,Sun,Jan,12:03:09,Mid-day,1,1,1,3.75,Weekday,Low
Hell's Kitchen,Tea,Serenity Green Tea Lg,2023-01-01,1,Sun,Jan,12:03:38,Mid-day,1,1,1,3,Weekday,Low
Astoria,Tea,Peppermint Rg,2023-01-01,1,Sun,Jan,12:03:43,Mid-day,1,1,1,2.5,Weekday,Low
Hell's Kitchen,Coffee,Brazilian Lg,2023-01-01,1,Sun,Jan,12:04:22,Mid-day,1,1,1,7,Weekday,Low
Astoria,Tea,Traditional Blend Chai Rg,2023-01-01,1,Sun,Jan,12:05:31,Mid-day,1,1,1,5,Weekday,Low
Lower Manhattan,Tea,Serenity Green Tea Rg,2023-01-01,1,Sun,Jan,12:06:29,Mid-day,1,1,1,2.5,Weekday,Low
Hell's Kitchen,Coffee,Our Old Time Diner Blend Lg,2023-01-01,1,Sun,Jan,12:07:42,Mid-day,1,1,1,3,Weekday,Low
Lower Manhattan,Tea,Lemon Grass Lg,2023-01-01,1,Sun,Jan,12:08:21,Mid-day,1,1,1,3,Weekday,Low
Hell's Kitchen,Coffee,Jamaican Coffee River Rg,2023-01-01,1,Sun,Jan,12:08:36,Mid-day,1,1,1,3.1,Weekday,Low
Astoria,Coffee,Columbian Medium Roast Sm,2023-01-01,1,Sun,Jan,12:09:11,Mid-day,1,1,1,4,Weekday,Low
Hell's Kitchen,Tea,Earl Grey Rg,2023-01-01,1,Sun,Jan,12:09:12,Mid-day,1,1,1,5,Weekday,Low
Lower Manhattan,Coffee,Latte,2023-01-01,1,Sun,Jan,12:13:07,Mid-day,1,1,1,7.5,Weekday,Low
Hell's Kitchen,Coffee,Jamaican Coffee River Rg,2023-01-01,1,Sun,Jan,12:14:26,Mid-day,1,1,1,6.2,Weekday,Low
Hell's Kitchen,Tea,Earl Grey Rg,2023-01-01,1,Sun,Jan,12:17:38,Mid-day,1,1,1,5,Weekday,Low
Lower Manhattan,Coffee,Brazilian Sm,2023-01-01,1,Sun,Jan,12:18:07,Mid-day,1,1,1,4.4,Weekday,Low
Astoria,Tea,English Breakfast Lg,2023-01-01,1,Sun,Jan,12:18:44,Mid-day,1,1,1,6,Weekday,Low
Astoria,Drinking Chocolate,Sustainably Grown Organic Rg,2023-01-01,1,Sun,Jan,12:20:16,Mid-day,1,1,1,7.5,Weekday,Low
Astoria,Coffee,Our Old Time Diner Blend Lg,2023-01-01,1,Sun,Jan,12:23:39,Mid-day,1,1,1,3,Weekday,Low
Lower Manhattan,Coffee,Cappuccino Lg,2023-01-01,1,Sun,Jan,12:27:06,Mid-day,1,1,1,8.5,Weekday,Low
Astoria,Tea,Peppermint Rg,2023-01-01,1,Sun,Jan,12:30:46,Mid-day,1,1,1,5,Weekday,Low
Hell's Kitchen,Coffee,Latte,2023-01-01,1,Sun,Jan,12:30:49,Mid-day,1,1,1,3.75,Weekday,Low
Astoria,Tea,Morning Sunrise Chai Rg,2023-01-01,1,Sun,Jan,12:33:20,Mid-day,1,1,1,5,Weekday,Low
Astoria,Coffee,Columbian Medium Roast Rg,2023-01-01,1,Sun,Jan,12:33:35,Mid-day,1,1,1,5,Weekday,Low
Lower Manhattan,Coffee,Ethiopia Sm,2023-01-01,1,Sun,Jan,12:35:53,Mid-day,1,1,1,4.4,Weekday,Low
Hell's Kitchen,Drinking Chocolate,Sustainably Grown Organic Rg,2023-01-01,1,Sun,Jan,12:36:57,Mid-day,1,1,1,3.75,Weekday,Low
Hell's Kitchen,Tea,English Breakfast Lg,2023-01-01,1,Sun,Jan,12:38:28,Mid-day,1,1,1,6,Weekday,Low
Astoria,Tea,Traditional Blend Chai Lg,2023-01-01,1,Sun,Jan,12:42:26,Mid-day,1,1,1,3,Weekday,Low
Hell's Kitchen,Drinking Chocolate,Sustainably Grown Organic Rg,2023-01-01,1,Sun,Jan,12:44:01,Mid-day,1,1,1,3.75,Weekday,Low
Astoria,Tea,Traditional Blend Chai Lg,2023-01-01,1,Sun,Jan,12:44:31,Mid-day,1,1,1,3,Weekday,Low
Astoria,Tea,Traditional Blend Chai Rg,2023-01-01,1,Sun,Jan,12:44:32,Mid-day,1,1,1,2.5,Weekday,Low
Astoria,Coffee,Columbian Medium Roast Sm,2023-01-01,1,Sun,Jan,12:45:52,Mid-day,1,1,1,4,Weekday,Low
Astoria,Tea,Spicy Eye Opener Chai Rg,2023-01-01,1,Sun,Jan,12:46:22,Mid-day,1,1,1,2.55,Weekday,Low
Astoria,Coffee,Our Old Time Diner Blend Rg,2023-01-01,1,Sun,Jan,12:46:26,Mid-day,1,1,1,2.5,Weekday,Low
Astoria,Coffee,Ethiopia Lg,2023-01-01,1,Sun,Jan,12:46:55,Mid-day,1,1,1,3.5,Weekday,Low
Astoria,Bakery,Croissant,2023-01-01,1,Sun,Jan,12:46:55,Mid-day,1,1,1,3.5,Weekday,Low
Astoria,Coffee,Latte,2023-01-01,1,Sun,Jan,12:48:08,Mid-day,1,1,1,7.5,Weekday,Low
Hell's Kitchen,Coffee,Columbian Medium Roast Lg,2023-01-01,1,Sun,Jan,12:49:48,Mid-day,1,1,1,3,Weekday,Low
Astoria,Drinking Chocolate,Dark chocolate Lg,2023-01-01,1,Sun,Jan,12:50:15,Mid-day,1,1,1,4.5,Weekday,Low
Astoria,Coffee,Ethiopia Rg,2023-01-01,1,Sun,Jan,12:50:28,Mid-day,1,1,1,6,Weekday,Low
Hell's Kitchen,Tea,Traditional Blend Chai Lg,2023-01-01,1,Sun,Jan,12:51:21,Mid-day,1,1,1,3,Weekday,Low
Lower Manhattan,Drinking Chocolate,Sustainably Grown Organic Lg,2023-01-01,1,Sun,Jan,12:51:57,Mid-day,1,1,1,4.75,Weekday,Low
Lower Manhattan,Bakery,Ginger Scone,2023-01-01,1,Sun,Jan,12:51:57,Mid-day,1,1,1,3.25,Weekday,Low
Lower Manhattan,Tea,Spicy Eye Opener Chai Rg,2023-01-01,1,Sun,Jan,12:52:18,Mid-day,1,1,1,2.55,Weekday,Low
Lower Manhattan,Bakery,Croissant,2023-01-01,1,Sun,Jan,12:52:18,Mid-day,1,1,1,3.5,Weekday,Low
Hell's Kitchen,Coffee,Columbian Medium Roast Rg,2023-01-01,1,Sun,Jan,12:53:11,Mid-day,1,1,1,5,Weekday,Low
Hell's Kitchen,Coffee,Espresso shot,2023-01-01,1,Sun,Jan,12:53:59,Mid-day,1,1,1,3,Weekday,Low
Astoria,Tea,English Breakfast Lg,2023-01-01,1,Sun,Jan,12:55:25,Mid-day,1,1,1,3,Weekday,Low
Lower Manhattan,Tea,Spicy Eye Opener Chai Lg,2023-01-01,1,Sun,Jan,12:55:27,Mid-day,1,1,1,3.1,Weekday,Low
Lower Manhattan,Bakery,Croissant,2023-01-01,1,Sun,Jan,12:55:27,Mid-day,1,1,1,3.5,Weekday,Low
Hell's Kitchen,Tea,Peppermint Lg,2023-01-01,1,Sun,Jan,12:55:36,Mid-day,1,1,1,3,Weekday,Low
Hell's Kitchen,Coffee,Brazilian Rg,2023-01-01,1,Sun,Jan,12:55:53,Mid-day,1,1,1,6,Weekday,Low
Astoria,Drinking Chocolate,Sustainably Grown Organic Lg,2023-01-01,1,Sun,Jan,12:56:33,Mid-day,1,1,1,4.75,Weekday,Low
Astoria,Tea,Serenity Green Tea Lg,2023-01-01,1,Sun,Jan,12:56:59,Mid-day,1,1,1,3,Weekday,Low
Astoria,Tea,Peppermint Rg,2023-01-01,1,Sun,Jan,12:58:54,Mid-day,1,1,1,5,Weekday,Low
Hell's Kitchen,Coffee,Jamaican Coffee River Lg,2023-01-01,1,Sun,Jan,12:59:06,Mid-day,1,1,1,3.75,Weekday,Low
Lower Manhattan,Coffee,Columbian Medium Roast Lg,2023-01-01,1,Sun,Jan,13:00:38,Mid-day,1,1,1,6,Weekday,Low
Lower Manhattan,Coffee,Brazilian Sm,2023-01-01,1,Sun,Jan,13:01:33,Mid-day,1,1,1,4.4,Weekday,Low
Hell's Kitchen,Tea,English Breakfast Lg,2023-01-01,1,Sun,Jan,13:02:40,Mid-day,1,1,1,3,Weekday,Low
Hell's Kitchen,Bakery,Scottish Cream Scone ,2023-01-01,1,Sun,Jan,13:02:40,Mid-day,1,1,1,4.5,Weekday,Low
Hell's Kitchen,Coffee,Brazilian Rg,2023-01-01,1,Sun,Jan,13:02:52,Mid-day,1,1,1,3,Weekday,Low
Astoria,Tea,Lemon Grass Lg,2023-01-01,1,Sun,Jan,13:03:13,Mid-day,1,1,1,6,Weekday,Low
Hell's Kitchen,Coffee,Brazilian Sm,2023-01-01,1,Sun,Jan,13:04:01,Mid-day,1,1,1,4.4,Weekday,Low
Hell's Kitchen,Bakery,Ginger Scone,2023-01-01,1,Sun,Jan,13:04:01,Mid-day,1,1,1,3.25,Weekday,Low
Hell's Kitchen,Tea,Lemon Grass Rg,2023-01-01,1,Sun,Jan,13:04:22,Mid-day,1,1,1,5,Weekday,Low
Hell's Kitchen,Tea,Morning Sunrise Chai Rg,2023-01-01,1,Sun,Jan,13:04:37,Mid-day,1,1,1,5,Weekday,Low
Astoria,Coffee,Our Old Time Diner Blend Sm,2023-01-01,1,Sun,Jan,13:04:51,Mid-day,1,1,1,2,Weekday,Low
Astoria,Drinking Chocolate,Dark chocolate Rg,2023-01-01,1,Sun,Jan,13:05:56,Mid-day,1,1,1,3.5,Weekday,Low
Lower Manhattan,Coffee,Our Old Time Diner Blend Lg,2023-01-01,1,Sun,Jan,13:07:37,Mid-day,1,1,1,6,Weekday,Low
Astoria,Coffee,Jamaican Coffee River Rg,2023-01-01,1,Sun,Jan,13:09:03,Mid-day,1,1,1,3.1,Weekday,Low
Lower Manhattan,Coffee,Columbian Medium Roast Lg,2023-01-01,1,Sun,Jan,13:12:03,Mid-day,1,1,1,6,Weekday,Low
Lower Manhattan,Drinking Chocolate,Sustainably Grown Organic Rg,2023-01-01,1,Sun,Jan,13:13:09,Mid-day,1,1,1,3.75,Weekday,Low
Hell's Kitchen,Tea,Spicy Eye Opener Chai Rg,2023-01-01,1,Sun,Jan,13:17:30,Mid-day,1,1,1,2.55,Weekday,Low
Astoria,Tea,Morning Sunrise Chai Lg,2023-01-01,1,Sun,Jan,13:17:32,Mid-day,1,1,1,8,Weekday,Low
Hell's Kitchen,Tea,English Breakfast Lg,2023-01-01,1,Sun,Jan,13:18:34,Mid-day,1,1,1,6,Weekday,Low
Hell's Kitchen,Tea,Morning Sunrise Chai Lg,2023-01-01,1,Sun,Jan,13:19:09,Mid-day,1,1,1,4,Weekday,Low
Hell's Kitchen,Bakery,Croissant,2023-01-01,1,Sun,Jan,13:19:09,Mid-day,1,1,1,3.5,Weekday,Low
Astoria,Coffee,Our Old Time Diner Blend Rg,2023-01-01,1,Sun,Jan,13:19:36,Mid-day,1,1,1,2.5,Weekday,Low
Hell's Kitchen,Coffee,Ethiopia Sm,2023-01-01,1,Sun,Jan,13:19:56,Mid-day,1,1,1,4.4,Weekday,Low
Astoria,Coffee,Jamaican Coffee River Rg,2023-01-01,1,Sun,Jan,13:20:51,Mid-day,1,1,1,6.2,Weekday,Low
Astoria,Coffee,Latte,2023-01-01,1,Sun,Jan,13:21:23,Mid-day,1,1,1,7.5,Weekday,Low
Lower Manhattan,Coffee,Our Old Time Diner Blend Rg,2023-01-01,1,Sun,Jan,13:22:11,Mid-day,1,1,1,2.5,Weekday,Low
Astoria,Tea,Serenity Green Tea Rg,2023-01-01,1,Sun,Jan,13:22:45,Mid-day,1,1,1,5,Weekday,Low
Astoria,Drinking Chocolate,Dark chocolate Rg,2023-01-01,1,Sun,Jan,13:23:54,Mid-day,1,1,1,7,Weekday,Low
Lower Manhattan,Drinking Chocolate,Sustainably Grown Organic Rg,2023-01-01,1,Sun,Jan,13:24:29,Mid-day,1,1,1,7.5,Weekday,Low
Lower Manhattan,Coffee,Ethiopia Sm,2023-01-01,1,Sun,Jan,13:30:49,Mid-day,1,1,1,4.4,Weekday,Low
Lower Manhattan,Coffee,Brazilian Sm,2023-01-01,1,Sun,Jan,13:32:07,Mid-day,1,1,1,4.4,Weekday,Low
Lower Manhattan,Coffee,Ouro Brasileiro shot,2023-01-01,1,Sun,Jan,13:32:34,Mid-day,1,1,1,3,Weekday,Low
Astoria,Coffee,Columbian Medium Roast Sm,2023-01-01,1,Sun,Jan,13:34:12,Mid-day,1,1,1,4,Weekday,Low
Hell's Kitchen,Coffee,Brazilian Lg,2023-01-01,1,Sun,Jan,13:38:09,Mid-day,1,1,1,3.5,Weekday,Low
Hell's Kitchen,Coffee,Cappuccino,2023-01-01,1,Sun,Jan,13:38:11,Mid-day,1,1,1,7.5,Weekday,Low
Lower Manhattan,Tea,Earl Grey Lg,2023-01-01,1,Sun,Jan,13:39:41,Mid-day,1,1,1,3,Weekday,Low
Astoria,Tea,Morning Sunrise Chai Rg,2023-01-01,1,Sun,Jan,13:40:47,Mid-day,1,1,1,5,Weekday,Low
Astoria,Tea,Lemon Grass Rg,2023-01-01,1,Sun,Jan,13:41:09,Mid-day,1,1,1,5,Weekday,Low
Astoria,Tea,Lemon Grass Lg,2023-01-01,1,Sun,Jan,13:42:10,Mid-day,1,1,1,3,Weekday,Low
Lower Manhattan,Coffee,Jamaican Coffee River Lg,2023-01-01,1,Sun,Jan,13:42:49,Mid-day,1,1,1,3.75,Weekday,Low
Lower Manhattan,Tea,Traditional Blend Chai Rg,2023-01-01,1,Sun,Jan,13:42:58,Mid-day,1,1,1,2.5,Weekday,Low
Lower Manhattan,Bakery,Ginger Scone,2023-01-01,1,Sun,Jan,13:42:58,Mid-day,1,1,1,3.25,Weekday,Low
Astoria,Tea,Morning Sunrise Chai Rg,2023-01-01,1,Sun,Jan,13:43:18,Mid-day,1,1,1,5,Weekday,Low
Astoria,Bakery,Hazelnut Biscotti,2023-01-01,1,Sun,Jan,13:43:18,Mid-day,1,1,1,3.25,Weekday,Low
Lower Manhattan,Coffee,Brazilian Sm,2023-01-01,1,Sun,Jan,13:43:41,Mid-day,1,1,1,4.4,Weekday,Low
Astoria,Tea,Spicy Eye Opener Chai Lg,2023-01-01,1,Sun,Jan,13:44:26,Mid-day,1,1,1,3.1,Weekday,Low
Hell's Kitchen,Coffee,Cappuccino,2023-01-01,1,Sun,Jan,13:47:51,Mid-day,1,1,1,3.75,Weekday,Low
Hell's Kitchen,Coffee,Our Old Time Diner Blend Sm,2023-01-01,1,Sun,Jan,13:49:03,Mid-day,1,1,1,4,Weekday,Low
Lower Manhattan,Tea,Traditional Blend Chai Lg,2023-01-01,1,Sun,Jan,13:50:09,Mid-day,1,1,1,3,Weekday,Low
Hell's Kitchen,Tea,Morning Sunrise Chai Rg,2023-01-01,1,Sun,Jan,13:50:47,Mid-day,1,1,1,5,Weekday,Low
Hell's Kitchen,Coffee,Ethiopia Rg,2023-01-01,1,Sun,Jan,13:51:56,Mid-day,1,1,1,6,Weekday,Low
Astoria,Coffee,Latte,2023-01-01,1,Sun,Jan,13:53:04,Mid-day,1,1,1,7.5,Weekday,Low
Hell's Kitchen,Coffee,Ethiopia Lg,2023-01-01,1,Sun,Jan,13:53:31,Mid-day,1,1,1,3.5,Weekday,Low
Hell's Kitchen,Coffee,Our Old Time Diner Blend Sm,2023-01-01,1,Sun,Jan,13:54:18,Mid-day,1,1,1,4,Weekday,Low
Lower Manhattan,Tea,Lemon Grass Rg,2023-01-01,1,Sun,Jan,13:55:04,Mid-day,1,1,1,2.5,Weekday,Low
Hell's Kitchen,Tea,Peppermint Lg,2023-01-01,1,Sun,Jan,13:55:50,Mid-day,1,1,1,6,Weekday,Low
Hell's Kitchen,Tea,English Breakfast Rg,2023-01-01,1,Sun,Jan,13:56:15,Mid-day,1,1,1,5,Weekday,Low
Hell's Kitchen,Tea,Traditional Blend Chai Lg,2023-01-01,1,Sun,Jan,13:56:24,Mid-day,1,1,1,3,Weekday,Low
Lower Manhattan,Coffee,Brazilian Lg,2023-01-01,1,Sun,Jan,13:57:34,Mid-day,1,1,1,7,Weekday,Low
Lower Manhattan,Bakery,Chocolate Croissant,2023-01-01,1,Sun,Jan,13:57:34,Mid-day,1,1,1,3.75,Weekday,Low
Astoria,Tea,Serenity Green Tea Rg,2023-01-01,1,Sun,Jan,13:58:10,Mid-day,1,1,1,5,Weekday,Low
Lower Manhattan,Coffee,Jamaican Coffee River Sm,2023-01-01,1,Sun,Jan,13:58:11,Mid-day,1,1,1,2.45,Weekday,Low
Lower Manhattan,Coffee,Latte Rg,2023-01-01,1,Sun,Jan,13:59:58,Mid-day,1,1,1,8.5,Weekday,Low
Lower Manhattan,Coffee,Brazilian Sm,2023-01-01,1,Sun,Jan,14:03:34,Afternoon,1,1,1,4.4,Weekday,Low
Lower Manhattan,Bakery,Hazelnut Biscotti,2023-01-01,1,Sun,Jan,14:03:34,Afternoon,1,1,1,3.25,Weekday,Low
Astoria,Coffee,Ethiopia Rg,2023-01-01,1,Sun,Jan,14:03:41,Afternoon,1,1,1,3,Weekday,Low
Astoria,Coffee,Cappuccino Lg,2023-01-01,1,Sun,Jan,14:07:12,Afternoon,1,1,1,8.5,Weekday,Low
Astoria,Coffee,Our Old Time Diner Blend Rg,2023-01-01,1,Sun,Jan,14:07:56,Afternoon,1,1,1,2.5,Weekday,Low
Hell's Kitchen,Coffee,Our Old Time Diner Blend Lg,2023-01-01,1,Sun,Jan,14:08:03,Afternoon,1,1,1,3,Weekday,Low
Hell's Kitchen,Bakery,Chocolate Croissant,2023-01-01,1,Sun,Jan,14:08:03,Afternoon,1,1,1,3.75,Weekday,Low
Hell's Kitchen,Drinking Chocolate,Sustainably Grown Organic Rg,2023-01-01,1,Sun,Jan,14:11:14,Afternoon,1,1,1,7.5,Weekday,Low
Lower Manhattan,Tea,Spicy Eye Opener Chai Lg,2023-01-01,1,Sun,Jan,14:13:28,Afternoon,1,1,1,6.2,Weekday,Low
Lower Manhattan,Coffee,Our Old Time Diner Blend Rg,2023-01-01,1,Sun,Jan,14:19:57,Afternoon,1,1,1,5,Weekday,Low
Astoria,Coffee,Jamaican Coffee River Rg,2023-01-01,1,Sun,Jan,14:20:06,Afternoon,1,1,1,6.2,Weekday,Low
Astoria,Tea,Lemon Grass Rg,2023-01-01,1,Sun,Jan,14:20:08,Afternoon,1,1,1,5,Weekday,Low
Hell's Kitchen,Tea,English Breakfast Lg,2023-01-01,1,Sun,Jan,14:22:01,Afternoon,1,1,1,6,Weekday,Low
Lower Manhattan,Coffee,Latte Rg,2023-01-01,1,Sun,Jan,14:22:38,Afternoon,1,1,1,8.5,Weekday,Low
Hell's Kitchen,Tea,Morning Sunrise Chai Lg,2023-01-01,1,Sun,Jan,14:23:28,Afternoon,1,1,1,4,Weekday,Low
Hell's Kitchen,Bakery,Chocolate Croissant,2023-01-01,1,Sun,Jan,14:23:28,Afternoon,1,1,1,3.75,Weekday,Low
Astoria,Coffee,Cappuccino Lg,2023-01-01,1,Sun,Jan,14:24:55,Afternoon,1,1,1,8.5,Weekday,Low
Astoria,Bakery,Jumbo Savory Scone,2023-01-01,1,Sun,Jan,14:24:55,Afternoon,1,1,1,3.75,Weekday,Low
Astoria,Drinking Chocolate,Dark chocolate Rg,2023-01-01,1,Sun,Jan,14:25:32,Afternoon,1,1,1,7,Weekday,Low
Lower Manhattan,Coffee,Our Old Time Diner Blend Lg,2023-01-01,1,Sun,Jan,14:25:39,Afternoon,1,1,1,6,Weekday,Low
Hell's Kitchen,Drinking Chocolate,Sustainably Grown Organic Lg,2023-01-01,1,Sun,Jan,14:26:36,Afternoon,1,1,1,4.75,Weekday,Low
Lower Manhattan,Tea,Peppermint Lg,2023-01-01,1,Sun,Jan,14:29:05,Afternoon,1,1,1,6,Weekday,Low
Lower Manhattan,Tea,English Breakfast Lg,2023-01-01,1,Sun,Jan,14:29:50,Afternoon,1,1,1,6,Weekday,Low
Lower Manhattan,Bakery,Scottish Cream Scone ,2023-01-01,1,Sun,Jan,14:29:50,Afternoon,1,1,1,4.5,Weekday,Low
Hell's Kitchen,Tea,English Breakfast Rg,2023-01-01,1,Sun,Jan,14:30:51,Afternoon,1,1,1,2.5,Weekday,Low
Lower Manhattan,Tea,Spicy Eye Opener Chai Lg,2023-01-01,1,Sun,Jan,14:30:58,Afternoon,1,1,1,3.1,Weekday,Low
Lower Manhattan,Tea,Lemon Grass Rg,2023-01-01,1,Sun,Jan,14:31:26,Afternoon,1,1,1,2.5,Weekday,Low
Hell's Kitchen,Coffee,Columbian Medium Roast Lg,2023-01-01,1,Sun,Jan,14:32:20,Afternoon,1,1,1,6,Weekday,Low
Lower Manhattan,Coffee,Cappuccino Lg,2023-01-01,1,Sun,Jan,14:32:42,Afternoon,1,1,1,8.5,Weekday,Low
Hell's Kitchen,Coffee,Latte Rg,2023-01-01,1,Sun,Jan,14:32:54,Afternoon,1,1,1,8.5,Weekday,Low
Astoria,Tea,Morning Sunrise Chai Lg,2023-01-01,1,Sun,Jan,14:35:47,Afternoon,1,1,1,4,Weekday,Low
Astoria,Coffee,Columbian Medium Roast Lg,2023-01-01,1,Sun,Jan,14:36:23,Afternoon,1,1,1,6,Weekday,Low
Lower Manhattan,Tea,Spicy Eye Opener Chai Lg,2023-01-01,1,Sun,Jan,14:36:35,Afternoon,1,1,1,3.1,Weekday,Low
Lower Manhattan,Tea,Peppermint Rg,2023-01-01,1,Sun,Jan,14:37:48,Afternoon,1,1,1,2.5,Weekday,Low
Lower Manhattan,Coffee,Ouro Brasileiro shot,2023-01-01,1,Sun,Jan,14:39:06,Afternoon,1,1,1,3,Weekday,Low
Hell's Kitchen,Coffee,Jamaican Coffee River Sm,2023-01-01,1,Sun,Jan,14:39:48,Afternoon,1,1,1,4.9,Weekday,Low
Lower Manhattan,Drinking Chocolate,Sustainably Grown Organic Lg,2023-01-01,1,Sun,Jan,14:42:39,Afternoon,1,1,1,9.5,Weekday,Low
Astoria,Tea,Earl Grey Rg,2023-01-01,1,Sun,Jan,14:43:13,Afternoon,1,1,1,5,Weekday,Low
Astoria,Tea,Serenity Green Tea Lg,2023-01-01,1,Sun,Jan,14:45:31,Afternoon,1,1,1,3,Weekday,Low
Hell's Kitchen,Tea,English Breakfast Rg,2023-01-01,1,Sun,Jan,14:46:09,Afternoon,1,1,1,2.5,Weekday,Low
Hell's Kitchen,Coffee,Our Old Time Diner Blend Lg,2023-01-01,1,Sun,Jan,14:47:29,Afternoon,1,1,1,3,Weekday,Low
Hell's Kitchen,Bakery,Croissant,2023-01-01,1,Sun,Jan,14:47:29,Afternoon,1,1,1,3.5,Weekday,Low
Hell's Kitchen,Tea,Earl Grey Lg,2023-01-01,1,Sun,Jan,14:49:49,Afternoon,1,1,1,6,Weekday,Low
Lower Manhattan,Tea,Lemon Grass Lg,2023-01-01,1,Sun,Jan,14:51:19,Afternoon,1,1,1,6,Weekday,Low
Astoria,Coffee,Jamaican Coffee River Sm,2023-01-01,1,Sun,Jan,14:55:34,Afternoon,1,1,1,4.9,Weekday,Low
Hell's Kitchen,Coffee,Columbian Medium Roast Lg,2023-01-01,1,Sun,Jan,14:58:07,Afternoon,1,1,1,6,Weekday,Low
Astoria,Tea,Lemon Grass Lg,2023-01-01,1,Sun,Jan,14:58:35,Afternoon,1,1,1,3,Weekday,Low
Astoria,Coffee,Latte Rg,2023-01-01,1,Sun,Jan,15:02:04,Afternoon,1,1,1,8.5,Weekday,Low
Hell's Kitchen,Coffee,Latte,2023-01-01,1,Sun,Jan,15:02:28,Afternoon,1,1,1,3.75,Weekday,Low
Lower Manhattan,Coffee,Brazilian Sm,2023-01-01,1,Sun,Jan,15:06:27,Afternoon,1,1,1,4.4,Weekday,Low
Astoria,Tea,Lemon Grass Lg,2023-01-01,1,Sun,Jan,15:08:28,Afternoon,1,1,1,6,Weekday,Low
Astoria,Coffee,Our Old Time Diner Blend Sm,2023-01-01,1,Sun,Jan,15:09:37,Afternoon,1,1,1,2,Weekday,Low
Hell's Kitchen,Drinking Chocolate,Sustainably Grown Organic Lg,2023-01-01,1,Sun,Jan,15:09:54,Afternoon,1,1,1,4.75,Weekday,Low
Lower Manhattan,Coffee,Cappuccino,2023-01-01,1,Sun,Jan,15:10:10,Afternoon,1,1,1,3.75,Weekday,Low
Lower Manhattan,Bakery,Croissant,2023-01-01,1,Sun,Jan,15:10:10,Afternoon,1,1,1,3.5,Weekday,Low
Astoria,Coffee,Our Old Time Diner Blend Lg,2023-01-01,1,Sun,Jan,15:12:22,Afternoon,1,1,1,3,Weekday,Low
Astoria,Tea,Traditional Blend Chai Rg,2023-01-01,1,Sun,Jan,15:12:54,Afternoon,1,1,1,5,Weekday,Low
Astoria,Coffee,Brazilian Rg,2023-01-01,1,Sun,Jan,15:14:19,Afternoon,1,1,1,6,Weekday,Low
Lower Manhattan,Coffee,Latte,2023-01-01,1,Sun,Jan,15:16:37,Afternoon,1,1,1,7.5,Weekday,Low
Astoria,Drinking Chocolate,Sustainably Grown Organic Lg,2023-01-01,1,Sun,Jan,15:18:56,Afternoon,1,1,1,4.75,Weekday,Low
Astoria,Coffee,Columbian Medium Roast Rg,2023-01-01,1,Sun,Jan,15:19:34,Afternoon,1,1,1,2.5,Weekday,Low
Hell's Kitchen,Coffee,Columbian Medium Roast Lg,2023-01-01,1,Sun,Jan,15:21:05,Afternoon,1,1,1,6,Weekday,Low
Astoria,Coffee,Latte Rg,2023-01-01,1,Sun,Jan,15:22:11,Afternoon,1,1,1,8.5,Weekday,Low
Hell's Kitchen,Coffee,Brazilian Rg,2023-01-01,1,Sun,Jan,15:24:01,Afternoon,1,1,1,3,Weekday,Low
Lower Manhattan,Tea,Earl Grey Rg,2023-01-01,1,Sun,Jan,15:25:09,Afternoon,1,1,1,5,Weekday,Low
Astoria,Drinking Chocolate,Dark chocolate Rg,2023-01-01,1,Sun,Jan,15:27:11,Afternoon,1,1,1,7,Weekday,Low
Astoria,Drinking Chocolate,Dark chocolate Rg,2023-01-01,1,Sun,Jan,15:28:29,Afternoon,1,1,1,3.5,Weekday,Low
Lower Manhattan,Tea,Lemon Grass Lg,2023-01-01,1,Sun,Jan,15:28:54,Afternoon,1,1,1,3,Weekday,Low
Astoria,Tea,Spicy Eye Opener Chai Lg,2023-01-01,1,Sun,Jan,15:29:24,Afternoon,1,1,1,3.1,Weekday,Low
Astoria,Bakery,Cranberry Scone,2023-01-01,1,Sun,Jan,15:29:24,Afternoon,1,1,1,3.25,Weekday,Low
Astoria,Tea,Lemon Grass Lg,2023-01-01,1,Sun,Jan,15:30:16,Afternoon,1,1,1,3,Weekday,Low
Astoria,Coffee,Ethiopia Sm,2023-01-01,1,Sun,Jan,15:30:27,Afternoon,1,1,1,4.4,Weekday,Low
Lower Manhattan,Coffee,Jamaican Coffee River Sm,2023-01-01,1,Sun,Jan,15:30:58,Afternoon,1,1,1,2.45,Weekday,Low
Hell's Kitchen,Coffee,Columbian Medium Roast Rg,2023-01-01,1,Sun,Jan,15:30:58,Afternoon,1,1,1,5,Weekday,Low
Lower Manhattan,Coffee,Columbian Medium Roast Sm,2023-01-01,1,Sun,Jan,15:33:36,Afternoon,1,1,1,4,Weekday,Low
Lower Manhattan,Bakery,Ginger Biscotti,2023-01-01,1,Sun,Jan,15:33:36,Afternoon,1,1,1,3.5,Weekday,Low
Astoria,Coffee,Cappuccino Lg,2023-01-01,1,Sun,Jan,15:34:10,Afternoon,1,1,1,8.5,Weekday,Low
Astoria,Bakery,Chocolate Chip Biscotti,2023-01-01,1,Sun,Jan,15:34:10,Afternoon,1,1,1,3.5,Weekday,Low
Lower Manhattan,Coffee,Espresso shot,2023-01-01,1,Sun,Jan,15:36:59,Afternoon,1,1,1,6,Weekday,Low
Hell's Kitchen,Tea,Peppermint Rg,2023-01-01,1,Sun,Jan,15:39:44,Afternoon,1,1,1,2.5,Weekday,Low
Astoria,Coffee,Jamaican Coffee River Lg,2023-01-01,1,Sun,Jan,15:42:20,Afternoon,1,1,1,3.75,Weekday,Low
Astoria,Tea,Serenity Green Tea Rg,2023-01-01,1,Sun,Jan,15:45:16,Afternoon,1,1,1,5,Weekday,Low
Lower Manhattan,Coffee,Cappuccino,2023-01-01,1,Sun,Jan,15:46:34,Afternoon,1,1,1,7.5,Weekday,Low
Hell's Kitchen,Coffee,Jamaican Coffee River Rg,2023-01-01,1,Sun,Jan,15:51:15,Afternoon,1,1,1,6.2,Weekday,Low
Lower Manhattan,Coffee,Latte Rg,2023-01-01,1,Sun,Jan,15:52:23,Afternoon,1,1,1,8.5,Weekday,Low
Lower Manhattan,Bakery,Hazelnut Biscotti,2023-01-01,1,Sun,Jan,15:52:23,Afternoon,1,1,1,3.25,Weekday,Low
Lower Manhattan,Coffee,Ethiopia Lg,2023-01-01,1,Sun,Jan,15:53:55,Afternoon,1,1,1,7,Weekday,Low
Hell's Kitchen,Coffee,Our Old Time Diner Blend Lg,2023-01-01,1,Sun,Jan,15:55:45,Afternoon,1,1,1,3,Weekday,Low
Astoria,Coffee,Ethiopia Sm,2023-01-01,1,Sun,Jan,15:55:50,Afternoon,1,1,1,4.4,Weekday,Low
Hell's Kitchen,Tea,English Breakfast Rg,2023-01-01,1,Sun,Jan,15:58:55,Afternoon,1,1,1,2.5,Weekday,Low
Hell's Kitchen,Coffee,Latte,2023-01-01,1,Sun,Jan,16:00:23,Afternoon,1,1,1,3.75,Weekday,Low
Hell's Kitchen,Coffee,Cappuccino Lg,2023-01-01,1,Sun,Jan,16:02:07,Afternoon,1,1,1,4.25,Weekday,Low
Astoria,Coffee,Jamaican Coffee River Sm,2023-01-01,1,Sun,Jan,16:03:30,Afternoon,1,1,1,4.9,Weekday,Low
Hell's Kitchen,Tea,Serenity Green Tea Rg,2023-01-01,1,Sun,Jan,16:03:54,Afternoon,1,1,1,2.5,Weekday,Low
Astoria,Tea,Lemon Grass Rg,2023-01-01,1,Sun,Jan,16:04:10,Afternoon,1,1,1,5,Weekday,Low
Astoria,Coffee,Our Old Time Diner Blend Rg,2023-01-01,1,Sun,Jan,16:06:04,Afternoon,1,1,1,5,Weekday,Low
Astoria,Coffee,Our Old Time Diner Blend Rg,2023-01-01,1,Sun,Jan,16:07:20,Afternoon,1,1,1,5,Weekday,Low
Astoria,Tea,Lemon Grass Rg,2023-01-01,1,Sun,Jan,16:08:59,Afternoon,1,1,1,5,Weekday,Low
Astoria,Tea,Lemon Grass Rg,2023-01-01,1,Sun,Jan,16:10:37,Afternoon,1,1,1,5,Weekday,Low
Hell's Kitchen,Coffee,Ouro Brasileiro shot,2023-01-01,1,Sun,Jan,16:12:00,Afternoon,1,1,1,3,Weekday,Low
Astoria,Coffee,Jamaican Coffee River Sm,2023-01-01,1,Sun,Jan,16:17:06,Afternoon,1,1,1,4.9,Weekday,Low
Astoria,Coffee,Columbian Medium Roast Rg,2023-01-01,1,Sun,Jan,16:17:52,Afternoon,1,1,1,5,Weekday,Low
Hell's Kitchen,Coffee,Columbian Medium Roast Rg,2023-01-01,1,Sun,Jan,16:19:00,Afternoon,1,1,1,5,Weekday,Low
Astoria,Tea,Spicy Eye Opener Chai Rg,2023-01-01,1,Sun,Jan,16:19:17,Afternoon,1,1,1,2.55,Weekday,Low
Lower Manhattan,Coffee,Cappuccino,2023-01-01,1,Sun,Jan,16:19:26,Afternoon,1,1,1,7.5,Weekday,Low
Astoria,Coffee,Jamaican Coffee River Lg,2023-01-01,1,Sun,Jan,16:20:07,Afternoon,1,1,1,7.5,Weekday,Low
Lower Manhattan,Coffee,Our Old Time Diner Blend Sm,2023-01-01,1,Sun,Jan,16:22:07,Afternoon,1,1,1,2,Weekday,Low
Astoria,Coffee,Our Old Time Diner Blend Sm,2023-01-01,1,Sun,Jan,16:22:38,Afternoon,1,1,1,2,Weekday,Low
Astoria,Tea,Peppermint Rg,2023-01-01,1,Sun,Jan,16:25:28,Afternoon,1,1,1,2.5,Weekday,Low
Lower Manhattan,Tea,Spicy Eye Opener Chai Rg,2023-01-01,1,Sun,Jan,16:27:42,Afternoon,1,1,1,2.55,Weekday,Low
Hell's Kitchen,Tea,Traditional Blend Chai Lg,2023-01-01,1,Sun,Jan,16:28:00,Afternoon,1,1,1,6,Weekday,Low
Lower Manhattan,Tea,Lemon Grass Rg,2023-01-01,1,Sun,Jan,16:28:57,Afternoon,1,1,1,2.5,Weekday,Low
Astoria,Coffee,Brazilian Lg,2023-01-01,1,Sun,Jan,16:29:36,Afternoon,1,1,1,7,Weekday,Low
Astoria,Coffee,Cappuccino,2023-01-01,1,Sun,Jan,16:30:12,Afternoon,1,1,1,3.75,Weekday,Low
Astoria,Coffee,Jamaican Coffee River Rg,2023-01-01,1,Sun,Jan,16:33:35,Afternoon,1,1,1,3.1,Weekday,Low
Lower Manhattan,Coffee,Columbian Medium Roast Sm,2023-01-01,1,Sun,Jan,16:35:11,Afternoon,1,1,1,2,Weekday,Low
Astoria,Coffee,Jamaican Coffee River Lg,2023-01-01,1,Sun,Jan,16:39:24,Afternoon,1,1,1,3.75,Weekday,Low
Hell's Kitchen,Drinking Chocolate,Dark chocolate Rg,2023-01-01,1,Sun,Jan,16:39:27,Afternoon,1,1,1,3.5,Weekday,Low
Astoria,Coffee,Ethiopia Lg,2023-01-01,1,Sun,Jan,16:40:18,Afternoon,1,1,1,3.5,Weekday,Low
Lower Manhattan,Tea,Serenity Green Tea Rg,2023-01-01,1,Sun,Jan,16:40:19,Afternoon,1,1,1,2.5,Weekday,Low
Lower Manhattan,Coffee,Our Old Time Diner Blend Rg,2023-01-01,1,Sun,Jan,16:41:51,Afternoon,1,1,1,2.5,Weekday,Low
Hell's Kitchen,Tea,Earl Grey Rg,2023-01-01,1,Sun,Jan,16:43:33,Afternoon,1,1,1,5,Weekday,Low
Astoria,Tea,Morning Sunrise Chai Rg,2023-01-01,1,Sun,Jan,16:44:46,Afternoon,1,1,1,5,Weekday,Low
Lower Manhattan,Tea,Peppermint Rg,2023-01-01,1,Sun,Jan,16:47:05,Afternoon,1,1,1,2.5,Weekday,Low
Lower Manhattan,Bakery,Ginger Scone,2023-01-01,1,Sun,Jan,16:47:05,Afternoon,1,1,1,3.25,Weekday,Low
Lower Manhattan,Tea,Peppermint Rg,2023-01-01,1,Sun,Jan,16:48:31,Afternoon,1,1,1,5,Weekday,Low
Lower Manhattan,Tea,Traditional Blend Chai Lg,2023-01-01,1,Sun,Jan,16:49:19,Afternoon,1,1,1,3,Weekday,Low
Lower Manhattan,Bakery,Chocolate Croissant,2023-01-01,1,Sun,Jan,16:49:19,Afternoon,1,1,1,3.75,Weekday,Low
Astoria,Tea,Traditional Blend Chai Rg,2023-01-01,1,Sun,Jan,16:49:38,Afternoon,1,1,1,2.5,Weekday,Low
Hell's Kitchen,Tea,Lemon Grass Rg,2023-01-01,1,Sun,Jan,16:52:13,Afternoon,1,1,1,5,Weekday,Low
Lower Manhattan,Tea,Earl Grey Rg,2023-01-01,1,Sun,Jan,16:52:51,Afternoon,1,1,1,2.5,Weekday,Low
Astoria,Coffee,Columbian Medium Roast Sm,2023-01-01,1,Sun,Jan,16:56:48,Afternoon,1,1,1,2,Weekday,Low
Astoria,Drinking Chocolate,Dark chocolate Rg,2023-01-01,1,Sun,Jan,16:58:42,Afternoon,1,1,1,3.5,Weekday,Low
Astoria,Bakery,Hazelnut Biscotti,2023-01-01,1,Sun,Jan,16:58:42,Afternoon,1,1,1,3.25,Weekday,Low
Lower Manhattan,Coffee,Jamaican Coffee River Lg,2023-01-01,1,Sun,Jan,17:01:03,Evening,1,1,1,7.5,Weekday,Low
Hell's Kitchen,Tea,Earl Grey Rg,2023-01-01,1,Sun,Jan,17:01:31,Evening,1,1,1,5,Weekday,Low
Astoria,Tea,Earl Grey Rg,2023-01-01,1,Sun,Jan,17:03:21,Evening,1,1,1,2.5,Weekday,Low
Astoria,Coffee,Jamaican Coffee River Lg,2023-01-01,1,Sun,Jan,17:05:44,Evening,1,1,1,7.5,Weekday,Low
Hell's Kitchen,Tea,Serenity Green Tea Lg,2023-01-01,1,Sun,Jan,17:09:18,Evening,1,1,1,6,Weekday,Low
Astoria,Coffee,Brazilian Lg,2023-01-01,1,Sun,Jan,17:10:34,Evening,1,1,1,3.5,Weekday,Low
Astoria,Drinking Chocolate,Dark chocolate Lg,2023-01-01,1,Sun,Jan,17:10:35,Evening,1,1,1,4.5,Weekday,Low
Hell's Kitchen,Coffee,Jamaican Coffee River Lg,2023-01-01,1,Sun,Jan,17:11:58,Evening,1,1,1,7.5,Weekday,Low
Lower Manhattan,Coffee,Ethiopia Sm,2023-01-01,1,Sun,Jan,17:13:17,Evening,1,1,1,4.4,Weekday,Low
Hell's Kitchen,Coffee,Jamaican Coffee River Rg,2023-01-01,1,Sun,Jan,17:16:17,Evening,1,1,1,3.1,Weekday,Low
Hell's Kitchen,Tea,Morning Sunrise Chai Lg,2023-01-01,1,Sun,Jan,17:17:19,Evening,1,1,1,8,Weekday,Low
Hell's Kitchen,Coffee,Ethiopia Sm,2023-01-01,1,Sun,Jan,17:17:22,Evening,1,1,1,2.2,Weekday,Low
Astoria,Coffee,Columbian Medium Roast Rg,2023-01-01,1,Sun,Jan,17:18:36,Evening,1,1,1,2.5,Weekday,Low
Lower Manhattan,Coffee,Jamaican Coffee River Sm,2023-01-01,1,Sun,Jan,17:19:08,Evening,1,1,1,4.9,Weekday,Low
Lower Manhattan,Bakery,Croissant,2023-01-01,1,Sun,Jan,17:19:08,Evening,1,1,1,3.5,Weekday,Low
Hell's Kitchen,Coffee,Latte Rg,2023-01-01,1,Sun,Jan,17:19:11,Evening,1,1,1,8.5,Weekday,Low
Hell's Kitchen,Coffee,Columbian Medium Roast Sm,2023-01-01,1,Sun,Jan,17:19:28,Evening,1,1,1,4,Weekday,Low
Hell's Kitchen,Coffee,Ouro Brasileiro shot,2023-01-01,1,Sun,Jan,17:19:49,Evening,1,1,1,6,Weekday,Low
Hell's Kitchen,Bakery,Scottish Cream Scone ,2023-01-01,1,Sun,Jan,17:19:49,Evening,1,1,1,4.5,Weekday,Low
Hell's Kitchen,Tea,Serenity Green Tea Rg,2023-01-01,1,Sun,Jan,17:20:02,Evening,1,1,1,5,Weekday,Low
Hell's Kitchen,Bakery,Oatmeal Scone,2023-01-01,1,Sun,Jan,17:20:02,Evening,1,1,1,3,Weekday,Low
Astoria,Coffee,Jamaican Coffee River Lg,2023-01-01,1,Sun,Jan,17:22:36,Evening,1,1,1,3.75,Weekday,Low
Lower Manhattan,Tea,English Breakfast Rg,2023-01-01,1,Sun,Jan,17:23:03,Evening,1,1,1,2.5,Weekday,Low
Astoria,Coffee,Cappuccino Lg,2023-01-01,1,Sun,Jan,17:23:04,Evening,1,1,1,4.25,Weekday,Low
Astoria,Drinking Chocolate,Dark chocolate Rg,2023-01-01,1,Sun,Jan,17:25:45,Evening,1,1,1,7,Weekday,Low
Hell's Kitchen,Coffee,Jamaican Coffee River Rg,2023-01-01,1,Sun,Jan,17:26:15,Evening,1,1,1,3.1,Weekday,Low
Hell's Kitchen,Bakery,Chocolate Chip Biscotti,2023-01-01,1,Sun,Jan,17:26:15,Evening,1,1,1,3.5,Weekday,Low
Lower Manhattan,Coffee,Espresso shot,2023-01-01,1,Sun,Jan,17:28:42,Evening,1,1,1,3,Weekday,Low
Lower Manhattan,Bakery,Cranberry Scone,2023-01-01,1,Sun,Jan,17:28:42,Evening,1,1,1,3.25,Weekday,Low
Astoria,Tea,Serenity Green Tea Rg,2023-01-01,1,Sun,Jan,17:29:25,Evening,1,1,1,2.5,Weekday,Low
Astoria,Bakery,Croissant,2023-01-01,1,Sun,Jan,17:29:25,Evening,1,1,1,3.5,Weekday,Low
Hell's Kitchen,Tea,Morning Sunrise Chai Rg,2023-01-01,1,Sun,Jan,17:34:47,Evening,1,1,1,5,Weekday,Low
Astoria,Tea,Serenity Green Tea Lg,2023-01-01,1,Sun,Jan,17:35:26,Evening,1,1,1,3,Weekday,Low
Astoria,Bakery,Hazelnut Biscotti,2023-01-01,1,Sun,Jan,17:35:26,Evening,1,1,1,3.25,Weekday,Low
Hell's Kitchen,Tea,Lemon Grass Rg,2023-01-01,1,Sun,Jan,17:37:26,Evening,1,1,1,2.5,Weekday,Low
Astoria,Tea,Morning Sunrise Chai Lg,2023-01-01,1,Sun,Jan,17:40:50,Evening,1,1,1,4,Weekday,Low
Astoria,Tea,Morning Sunrise Chai Lg,2023-01-01,1,Sun,Jan,17:41:55,Evening,1,1,1,8,Weekday,Low
Astoria,Bakery,Chocolate Croissant,2023-01-01,1,Sun,Jan,17:41:55,Evening,1,1,1,3.75,Weekday,Low
Hell's Kitchen,Tea,Traditional Blend Chai Rg,2023-01-01,1,Sun,Jan,17:43:49,Evening,1,1,1,5,Weekday,Low
Astoria,Coffee,Brazilian Lg,2023-01-01,1,Sun,Jan,17:44:28,Evening,1,1,1,7,Weekday,Low
Astoria,Bakery,Ginger Biscotti,2023-01-01,1,Sun,Jan,17:44:28,Evening,1,1,1,3.5,Weekday,Low
Hell's Kitchen,Coffee,Jamaican Coffee River Sm,2023-01-01,1,Sun,Jan,17:44:48,Evening,1,1,1,2.45,Weekday,Low
Hell's Kitchen,Coffee,Brazilian Lg,2023-01-01,1,Sun,Jan,17:45:21,Evening,1,1,1,3.5,Weekday,Low
Hell's Kitchen,Coffee,Jamaican Coffee River Lg,2023-01-01,1,Sun,Jan,17:46:21,Evening,1,1,1,7.5,Weekday,Low
Hell's Kitchen,Bakery,Chocolate Chip Biscotti,2023-01-01,1,Sun,Jan,17:46:21,Evening,1,1,1,3.5,Weekday,Low
Hell's Kitchen,Drinking Chocolate,Sustainably Grown Organic Rg,2023-01-01,1,Sun,Jan,17:49:04,Evening,1,1,1,7.5,Weekday,Low
Lower Manhattan,Tea,Peppermint Lg,2023-01-01,1,Sun,Jan,17:50:19,Evening,1,1,1,3,Weekday,Low
Hell's Kitchen,Coffee,Latte,2023-01-01,1,Sun,Jan,17:50:30,Evening,1,1,1,7.5,Weekday,Low
Astoria,Drinking Chocolate,Sustainably Grown Organic Rg,2023-01-01,1,Sun,Jan,17:51:06,Evening,1,1,1,7.5,Weekday,Low
Astoria,Tea,Spicy Eye Opener Chai Rg,2023-01-01,1,Sun,Jan,17:54:11,Evening,1,1,1,5.1,Weekday,Low
Hell's Kitchen,Coffee,Columbian Medium Roast Lg,2023-01-01,1,Sun,Jan,17:56:46,Evening,1,1,1,3,Weekday,Low
Lower Manhattan,Coffee,Latte Rg,2023-01-01,1,Sun,Jan,17:58:01,Evening,1,1,1,4.25,Weekday,Low
Hell's Kitchen,Tea,Traditional Blend Chai Lg,2023-01-01,1,Sun,Jan,17:59:44,Evening,1,1,1,6,Weekday,Low
Hell's Kitchen,Bakery,Chocolate Chip Biscotti,2023-01-01,1,Sun,Jan,17:59:44,Evening,1,1,1,3.5,Weekday,Low
Hell's Kitchen,Tea,Peppermint Lg,2023-01-01,1,Sun,Jan,18:01:08,Evening,1,1,1,6,Weekday,Low
Astoria,Tea,Traditional Blend Chai Rg,2023-01-01,1,Sun,Jan,18:02:00,Evening,1,1,1,2.5,Weekday,Low
Lower Manhattan,Tea,English Breakfast Lg,2023-01-01,1,Sun,Jan,18:02:21,Evening,1,1,1,6,Weekday,Low
Astoria,Coffee,Columbian Medium Roast Sm,2023-01-01,1,Sun,Jan,18:03:13,Evening,1,1,1,2,Weekday,Low
Astoria,Bakery,Scottish Cream Scone ,2023-01-01,1,Sun,Jan,18:03:13,Evening,1,1,1,4.5,Weekday,Low
Astoria,Coffee,Columbian Medium Roast Sm,2023-01-01,1,Sun,Jan,18:04:34,Evening,1,1,1,2,Weekday,Low
Astoria,Coffee,Columbian Medium Roast Lg,2023-01-01,1,Sun,Jan,18:06:52,Evening,1,1,1,6,Weekday,Low
Astoria,Bakery,Jumbo Savory Scone,2023-01-01,1,Sun,Jan,18:06:52,Evening,1,1,1,3.75,Weekday,Low
Hell's Kitchen,Coffee,Our Old Time Diner Blend Rg,2023-01-01,1,Sun,Jan,18:07:13,Evening,1,1,1,2.5,Weekday,Low
Astoria,Coffee,Jamaican Coffee River Sm,2023-01-01,1,Sun,Jan,18:08:53,Evening,1,1,1,4.9,Weekday,Low
Astoria,Coffee,Brazilian Sm,2023-01-01,1,Sun,Jan,18:12:37,Evening,1,1,1,4.4,Weekday,Low
Lower Manhattan,Coffee,Our Old Time Diner Blend Rg,2023-01-01,1,Sun,Jan,18:13:32,Evening,1,1,1,5,Weekday,Low
Hell's Kitchen,Tea,Spicy Eye Opener Chai Lg,2023-01-01,1,Sun,Jan,18:13:41,Evening,1,1,1,6.2,Weekday,Low
Hell's Kitchen,Coffee,Brazilian Rg,2023-01-01,1,Sun,Jan,18:14:28,Evening,1,1,1,6,Weekday,Low
Hell's Kitchen,Coffee,Jamaican Coffee River Lg,2023-01-01,1,Sun,Jan,18:17:09,Evening,1,1,1,7.5,Weekday,Low
Astoria,Drinking Chocolate,Dark chocolate Lg,2023-01-01,1,Sun,Jan,18:18:10,Evening,1,1,1,4.5,Weekday,Low
Lower Manhattan,Tea,Traditional Blend Chai Rg,2023-01-01,1,Sun,Jan,18:19:45,Evening,1,1,1,2.5,Weekday,Low
Lower Manhattan,Bakery,Chocolate Chip Biscotti,2023-01-01,1,Sun,Jan,18:19:45,Evening,1,1,1,3.5,Weekday,Low
Astoria,Tea,Serenity Green Tea Rg,2023-01-01,1,Sun,Jan,18:21:22,Evening,1,1,1,2.5,Weekday,Low
Astoria,Drinking Chocolate,Sustainably Grown Organic Lg,2023-01-01,1,Sun,Jan,18:22:12,Evening,1,1,1,9.5,Weekday,Low
Lower Manhattan,Coffee,Espresso shot,2023-01-01,1,Sun,Jan,18:22:48,Evening,1,1,1,6,Weekday,Low
Astoria,Coffee,Ethiopia Rg,2023-01-01,1,Sun,Jan,18:22:53,Evening,1,1,1,3,Weekday,Low
Astoria,Bakery,Jumbo Savory Scone,2023-01-01,1,Sun,Jan,18:22:53,Evening,1,1,1,3.75,Weekday,Low
Lower Manhattan,Tea,Traditional Blend Chai Lg,2023-01-01,1,Sun,Jan,18:23:34,Evening,1,1,1,6,Weekday,Low
Astoria,Drinking Chocolate,Sustainably Grown Organic Lg,2023-01-01,1,Sun,Jan,18:25:51,Evening,1,1,1,4.75,Weekday,Low
Hell's Kitchen,Tea,Lemon Grass Lg,2023-01-01,1,Sun,Jan,18:25:57,Evening,1,1,1,3,Weekday,Low
Lower Manhattan,Tea,Morning Sunrise Chai Rg,2023-01-01,1,Sun,Jan,18:27:08,Evening,1,1,1,5,Weekday,Low
Hell's Kitchen,Tea,Peppermint Rg,2023-01-01,1,Sun,Jan,18:29:34,Evening,1,1,1,5,Weekday,Low
Astoria,Tea,Morning Sunrise Chai Lg,2023-01-01,1,Sun,Jan,18:30:05,Evening,1,1,1,8,Weekday,Low
Astoria,Drinking Chocolate,Sustainably Grown Organic Rg,2023-01-01,1,Sun,Jan,18:34:56,Evening,1,1,1,7.5,Weekday,Low
Astoria,Coffee,Our Old Time Diner Blend Sm,2023-01-01,1,Sun,Jan,18:39:29,Evening,1,1,1,2,Weekday,Low
Hell's Kitchen,Tea,Traditional Blend Chai Lg,2023-01-01,1,Sun,Jan,18:40:29,Evening,1,1,1,6,Weekday,Low
Astoria,Coffee,Our Old Time Diner Blend Lg,2023-01-01,1,Sun,Jan,18:41:13,Evening,1,1,1,3,Weekday,Low
Hell's Kitchen,Tea,English Breakfast Lg,2023-01-01,1,Sun,Jan,18:41:28,Evening,1,1,1,6,Weekday,Low
Astoria,Drinking Chocolate,Sustainably Grown Organic Rg,2023-01-01,1,Sun,Jan,18:42:04,Evening,1,1,1,7.5,Weekday,Low
Hell's Kitchen,Tea,Morning Sunrise Chai Rg,2023-01-01,1,Sun,Jan,18:42:16,Evening,1,1,1,2.5,Weekday,Low
Astoria,Tea,Spicy Eye Opener Chai Lg,2023-01-01,1,Sun,Jan,18:43:19,Evening,1,1,1,3.1,Weekday,Low
Astoria,Coffee,Brazilian Sm,2023-01-01,1,Sun,Jan,18:43:42,Evening,1,1,1,2.2,Weekday,Low
Astoria,Coffee,Latte,2023-01-01,1,Sun,Jan,18:45:11,Evening,1,1,1,7.5,Weekday,Low
Astoria,Coffee,Brazilian Lg,2023-01-01,1,Sun,Jan,18:49:48,Evening,1,1,1,3.5,Weekday,Low
Astoria,Coffee,Our Old Time Diner Blend Lg,2023-01-01,1,Sun,Jan,18:51:23,Evening,1,1,1,6,Weekday,Low
Astoria,Coffee,Columbian Medium Roast Sm,2023-01-01,1,Sun,Jan,18:51:41,Evening,1,1,1,2,Weekday,Low
Hell's Kitchen,Coffee,Our Old Time Diner Blend Sm,2023-01-01,1,Sun,Jan,18:52:18,Evening,1,1,1,4,Weekday,Low
Astoria,Drinking Chocolate,Dark chocolate Lg,2023-01-01,1,Sun,Jan,18:52:57,Evening,1,1,1,9,Weekday,Low
Astoria,Tea,Spicy Eye Opener Chai Rg,2023-01-01,1,Sun,Jan,18:55:19,Evening,1,1,1,5.1,Weekday,Low
Hell's Kitchen,Tea,Traditional Blend Chai Lg,2023-01-01,1,Sun,Jan,18:56:24,Evening,1,1,1,6,Weekday,Low
Hell's Kitchen,Coffee,Latte Rg,2023-01-01,1,Sun,Jan,18:56:35,Evening,1,1,1,8.5,Weekday,Low
Hell's Kitchen,Bakery,Almond Croissant,2023-01-01,1,Sun,Jan,18:56:35,Evening,1,1,1,3.75,Weekday,Low
Astoria,Tea,Lemon Grass Lg,2023-01-01,1,Sun,Jan,19:00:27,Evening,1,1,1,3,Weekday,Low
Hell's Kitchen,Coffee,Espresso shot,2023-01-01,1,Sun,Jan,19:02:52,Evening,1,1,1,6,Weekday,Low
Hell's Kitchen,Coffee,Latte,2023-01-01,1,Sun,Jan,19:06:58,Evening,1,1,1,3.75,Weekday,Low
Hell's Kitchen,Coffee,Our Old Time Diner Blend Lg,2023-01-01,1,Sun,Jan,19:07:26,Evening,1,1,1,6,Weekday,Low
Astoria,Tea,Morning Sunrise Chai Lg,2023-01-01,1,Sun,Jan,19:07:40,Evening,1,1,1,4,Weekday,Low
Hell's Kitchen,Coffee,Brazilian Lg,2023-01-01,1,Sun,Jan,19:08:11,Evening,1,1,1,7,Weekday,Low
Astoria,Drinking Chocolate,Sustainably Grown Organic Rg,2023-01-01,1,Sun,Jan,19:08:56,Evening,1,1,1,3.75,Weekday,Low
Hell's Kitchen,Coffee,Cappuccino Lg,2023-01-01,1,Sun,Jan,19:09:54,Evening,1,1,1,4.25,Weekday,Low
Astoria,Coffee,Brazilian Lg,2023-01-01,1,Sun,Jan,19:10:16,Evening,1,1,1,7,Weekday,Low
Hell's Kitchen,Tea,Morning Sunrise Chai Lg,2023-01-01,1,Sun,Jan,19:10:53,Evening,1,1,1,8,Weekday,Low
Astoria,Coffee,Cappuccino,2023-01-01,1,Sun,Jan,19:12:49,Evening,1,1,1,7.5,Weekday,Low
Astoria,Coffee,Ethiopia Rg,2023-01-01,1,Sun,Jan,19:14:09,Evening,1,1,1,6,Weekday,Low
Astoria,Tea,Morning Sunrise Chai Lg,2023-01-01,1,Sun,Jan,19:15:15,Evening,1,1,1,4,Weekday,Low
Hell's Kitchen,Tea,English Breakfast Lg,2023-01-01,1,Sun,Jan,19:21:35,Evening,1,1,1,3,Weekday,Low
Hell's Kitchen,Coffee,Cappuccino,2023-01-01,1,Sun,Jan,19:22:39,Evening,1,1,1,3.75,Weekday,Low
Hell's Kitchen,Tea,Serenity Green Tea Rg,2023-01-01,1,Sun,Jan,19:24:18,Evening,1,1,1,2.5,Weekday,Low
Hell's Kitchen,Bakery,Oatmeal Scone,2023-01-01,1,Sun,Jan,19:24:18,Evening,1,1,1,3,Weekday,Low
Astoria,Tea,Peppermint Rg,2023-01-01,1,Sun,Jan,19:29:01,Evening,1,1,1,5,Weekday,Low
Astoria,Coffee,Latte,2023-01-01,1,Sun,Jan,19:29:07,Evening,1,1,1,3.75,Weekday,Low
Astoria,Tea,Earl Grey Lg,2023-01-01,1,Sun,Jan,19:30:55,Evening,1,1,1,6,Weekday,Low
Hell's Kitchen,Tea,Lemon Grass Lg,2023-01-01,1,Sun,Jan,19:34:03,Evening,1,1,1,3,Weekday,Low
Hell's Kitchen,Drinking Chocolate,Sustainably Grown Organic Lg,2023-01-01,1,Sun,Jan,19:34:39,Evening,1,1,1,9.5,Weekday,Low
Astoria,Coffee,Cappuccino,2023-01-01,1,Sun,Jan,19:34:48,Evening,1,1,1,3.75,Weekday,Low
Hell's Kitchen,Coffee,Brazilian Lg,2023-01-01,1,Sun,Jan,19:35:55,Evening,1,1,1,7,Weekday,Low
Astoria,Drinking Chocolate,Sustainably Grown Organic Rg,2023-01-01,1,Sun,Jan,19:37:51,Evening,1,1,1,3.75,Weekday,Low
Astoria,Tea,Morning Sunrise Chai Lg,2023-01-01,1,Sun,Jan,19:38:46,Evening,1,1,1,8,Weekday,Low
Astoria,Tea,Serenity Green Tea Lg,2023-01-01,1,Sun,Jan,19:39:00,Evening,1,1,1,6,Weekday,Low
Astoria,Coffee,Espresso shot,2023-01-01,1,Sun,Jan,19:39:32,Evening,1,1,1,3,Weekday,Low
Astoria,Tea,Morning Sunrise Chai Rg,2023-01-01,1,Sun,Jan,19:43:29,Evening,1,1,1,2.5,Weekday,Low
Hell's Kitchen,Drinking Chocolate,Sustainably Grown Organic Lg,2023-01-01,1,Sun,Jan,19:44:41,Evening,1,1,1,4.75,Weekday,Low
Hell's Kitchen,Coffee,Brazilian Rg,2023-01-01,1,Sun,Jan,19:45:28,Evening,1,1,1,3,Weekday,Low
Astoria,Coffee,Jamaican Coffee River Lg,2023-01-01,1,Sun,Jan,19:49:37,Evening,1,1,1,3.75,Weekday,Low
Hell's Kitchen,Coffee,Ethiopia Rg,2023-01-01,1,Sun,Jan,19:52:47,Evening,1,1,1,3,Weekday,Low
Astoria,Coffee,Jamaican Coffee River Rg,2023-01-01,1,Sun,Jan,19:57:56,Evening,1,1,1,3.1,Weekday,Low
Astoria,Tea,Morning Sunrise Chai Lg,2023-01-01,1,Sun,Jan,19:58:29,Evening,1,1,1,4,Weekday,Low
Astoria,Coffee,Latte Rg,2023-01-01,1,Sun,Jan,19:58:52,Evening,1,1,1,4.25,Weekday,Low
Lower Manhattan,Coffee,Ouro Brasileiro shot,2023-01-02,2,Mon,Jan,07:01:59,Early,1,1,1,3,Weekday,Low
Lower Manhattan,Tea,Earl Grey Lg,2023-01-02,2,Mon,Jan,07:12:05,Early,1,1,1,3,Weekday,Low
Lower Manhattan,Coffee,Columbian Medium Roast Sm,2023-01-02,2,Mon,Jan,07:16:35,Early,1,1,1,4,Weekday,Low
Lower Manhattan,Tea,Spicy Eye Opener Chai Lg,2023-01-02,2,Mon,Jan,07:16:46,Early,1,1,1,3.1,Weekday,Low
Lower Manhattan,Bakery,Cranberry Scone,2023-01-02,2,Mon,Jan,07:16:46,Early,1,1,1,3.25,Weekday,Low
Lower Manhattan,Drinking Chocolate,Sustainably Grown Organic Lg,2023-01-02,2,Mon,Jan,07:22:08,Early,1,1,1,9.5,Weekday,Low
Lower Manhattan,Tea,Lemon Grass Rg,2023-01-02,2,Mon,Jan,07:22:45,Early,1,1,1,2.5,Weekday,Low
Lower Manhattan,Coffee,Our Old Time Diner Blend Lg,2023-01-02,2,Mon,Jan,07:25:59,Early,1,1,1,3,Weekday,Low
Lower Manhattan,Tea,Traditional Blend Chai Lg,2023-01-02,2,Mon,Jan,07:35:10,Early,1,1,1,3,Weekday,Low
Lower Manhattan,Coffee,Cappuccino Lg,2023-01-02,2,Mon,Jan,07:48:26,Early,1,1,1,4.25,Weekday,Low
Lower Manhattan,Bakery,Croissant,2023-01-02,2,Mon,Jan,07:48:26,Early,1,1,1,3.5,Weekday,Low
Lower Manhattan,Coffee,Brazilian Lg,2023-01-02,2,Mon,Jan,07:53:48,Early,1,1,1,7,Weekday,Low
Lower Manhattan,Tea,English Breakfast Rg,2023-01-02,2,Mon,Jan,07:59:47,Early,1,1,1,2.5,Weekday,Low
Lower Manhattan,Bakery,Croissant,2023-01-02,2,Mon,Jan,07:59:47,Early,1,1,1,3.5,Weekday,Low
Hell's Kitchen,Coffee,Ethiopia Rg,2023-01-02,2,Mon,Jan,08:03:47,Early,1,1,1,6,Weekday,Low
Hell's Kitchen,Coffee,Ethiopia Sm,2023-01-02,2,Mon,Jan,08:04:06,Early,1,1,1,4.4,Weekday,Low
Hell's Kitchen,Coffee,Brazilian Sm,2023-01-02,2,Mon,Jan,08:04:55,Early,1,1,1,2.2,Weekday,Low
Lower Manhattan,Drinking Chocolate,Sustainably Grown Organic Lg,2023-01-02,2,Mon,Jan,08:04:59,Early,1,1,1,4.75,Weekday,Low
Lower Manhattan,Tea,English Breakfast Rg,2023-01-02,2,Mon,Jan,08:09:46,Early,1,1,1,2.5,Weekday,Low
Lower Manhattan,Drinking Chocolate,Sustainably Grown Organic Lg,2023-01-02,2,Mon,Jan,08:09:51,Early,1,1,1,4.75,Weekday,Low
Hell's Kitchen,Drinking Chocolate,Sustainably Grown Organic Lg,2023-01-02,2,Mon,Jan,08:11:11,Early,1,1,1,9.5,Weekday,Low
Hell's Kitchen,Bakery,Ginger Biscotti,2023-01-02,2,Mon,Jan,08:11:11,Early,1,1,1,3.5,Weekday,Low
Hell's Kitchen,Coffee,Brazilian Lg,2023-01-02,2,Mon,Jan,08:13:24,Early,1,1,1,3.5,Weekday,Low
Lower Manhattan,Tea,Morning Sunrise Chai Lg,2023-01-02,2,Mon,Jan,08:14:13,Early,1,1,1,4,Weekday,Low
Hell's Kitchen,Coffee,Jamaican Coffee River Lg,2023-01-02,2,Mon,Jan,08:15:07,Early,1,1,1,3.75,Weekday,Low
Hell's Kitchen,Coffee,Columbian Medium Roast Lg,2023-01-02,2,Mon,Jan,08:15:10,Early,1,1,1,6,Weekday,Low
Hell's Kitchen,Tea,Peppermint Rg,2023-01-02,2,Mon,Jan,08:17:28,Early,1,1,1,2.5,Weekday,Low
Lower Manhattan,Tea,Peppermint Rg,2023-01-02,2,Mon,Jan,08:20:38,Early,1,1,1,5,Weekday,Low
Hell's Kitchen,Coffee,Latte,2023-01-02,2,Mon,Jan,08:21:32,Early,1,1,1,7.5,Weekday,Low
Hell's Kitchen,Coffee,Brazilian Rg,2023-01-02,2,Mon,Jan,08:23:15,Early,1,1,1,3,Weekday,Low
Lower Manhattan,Coffee,Brazilian Sm,2023-01-02,2,Mon,Jan,08:25:22,Early,1,1,1,2.2,Weekday,Low
Lower Manhattan,Coffee,Columbian Medium Roast Sm,2023-01-02,2,Mon,Jan,08:26:13,Early,1,1,1,4,Weekday,Low
Hell's Kitchen,Coffee,Ethiopia Sm,2023-01-02,2,Mon,Jan,08:26:21,Early,1,1,1,4.4,Weekday,Low
Lower Manhattan,Coffee,Columbian Medium Roast Rg,2023-01-02,2,Mon,Jan,08:30:10,Early,1,1,1,2.5,Weekday,Low
Hell's Kitchen,Coffee,Jamaican Coffee River Rg,2023-01-02,2,Mon,Jan,08:31:35,Early,1,1,1,3.1,Weekday,Low
Hell's Kitchen,Coffee,Brazilian Sm,2023-01-02,2,Mon,Jan,08:34:25,Early,1,1,1,4.4,Weekday,Low
Hell's Kitchen,Tea,English Breakfast Rg,2023-01-02,2,Mon,Jan,08:34:30,Early,1,1,1,2.5,Weekday,Low
Hell's Kitchen,Coffee,Ethiopia Rg,2023-01-02,2,Mon,Jan,08:43:50,Early,1,1,1,3,Weekday,Low
Lower Manhattan,Coffee,Ethiopia Rg,2023-01-02,2,Mon,Jan,08:51:31,Early,1,1,1,6,Weekday,Low
Lower Manhattan,Coffee,Columbian Medium Roast Sm,2023-01-02,2,Mon,Jan,08:55:40,Early,1,1,1,2,Weekday,Low
Hell's Kitchen,Coffee,Latte Rg,2023-01-02,2,Mon,Jan,09:00:14,Early,1,1,1,4.25,Weekday,Low
Hell's Kitchen,Tea,Traditional Blend Chai Lg,2023-01-02,2,Mon,Jan,09:01:24,Early,1,1,1,3,Weekday,Low
Lower Manhattan,Coffee,Ethiopia Lg,2023-01-02,2,Mon,Jan,09:06:29,Early,1,1,1,3.5,Weekday,Low
Lower Manhattan,Coffee,Espresso shot,2023-01-02,2,Mon,Jan,09:07:31,Early,1,1,1,6,Weekday,Low
Hell's Kitchen,Drinking Chocolate,Dark chocolate Lg,2023-01-02,2,Mon,Jan,09:11:10,Early,1,1,1,4.5,Weekday,Low
Hell's Kitchen,Bakery,Jumbo Savory Scone,2023-01-02,2,Mon,Jan,09:11:10,Early,1,1,1,3.75,Weekday,Low
Hell's Kitchen,Drinking Chocolate,Sustainably Grown Organic Lg,2023-01-02,2,Mon,Jan,09:11:45,Early,1,1,1,4.75,Weekday,Low
Hell's Kitchen,Coffee,Jamaican Coffee River Sm,2023-01-02,2,Mon,Jan,09:11:57,Early,1,1,1,4.9,Weekday,Low
Hell's Kitchen,Bakery,Ginger Scone,2023-01-02,2,Mon,Jan,09:11:57,Early,1,1,1,3.25,Weekday,Low
Lower Manhattan,Coffee,Ethiopia Sm,2023-01-02,2,Mon,Jan,09:12:47,Early,1,1,1,4.4,Weekday,Low
Lower Manhattan,Bakery,Croissant,2023-01-02,2,Mon,Jan,09:12:47,Early,1,1,1,3.5,Weekday,Low
Hell's Kitchen,Tea,Serenity Green Tea Rg,2023-01-02,2,Mon,Jan,09:17:08,Early,1,1,1,2.5,Weekday,Low
Hell's Kitchen,Tea,Morning Sunrise Chai Lg,2023-01-02,2,Mon,Jan,09:21:01,Early,1,1,1,4,Weekday,Low
Hell's Kitchen,Coffee,Cappuccino,2023-01-02,2,Mon,Jan,09:22:26,Early,1,1,1,3.75,Weekday,Low
Lower Manhattan,Coffee,Columbian Medium Roast Rg,2023-01-02,2,Mon,Jan,09:25:27,Early,1,1,1,2.5,Weekday,Low
Hell's Kitchen,Coffee,Columbian Medium Roast Sm,2023-01-02,2,Mon,Jan,09:26:16,Early,1,1,1,4,Weekday,Low
Hell's Kitchen,Coffee,Our Old Time Diner Blend Sm,2023-01-02,2,Mon,Jan,09:29:47,Early,1,1,1,4,Weekday,Low
Hell's Kitchen,Bakery,Cranberry Scone,2023-01-02,2,Mon,Jan,09:29:47,Early,1,1,1,3.25,Weekday,Low
Hell's Kitchen,Drinking Chocolate,Dark chocolate Lg,2023-01-02,2,Mon,Jan,09:31:37,Early,1,1,1,9,Weekday,Low
Hell's Kitchen,Coffee,Our Old Time Diner Blend Rg,2023-01-02,2,Mon,Jan,09:33:57,Early,1,1,1,5,Weekday,Low
Hell's Kitchen,Coffee,Ouro Brasileiro shot,2023-01-02,2,Mon,Jan,09:36:26,Early,1,1,1,3,Weekday,Low
Hell's Kitchen,Coffee,Ouro Brasileiro shot,2023-01-02,2,Mon,Jan,09:38:46,Early,1,1,1,6,Weekday,Low
Lower Manhattan,Tea,English Breakfast Rg,2023-01-02,2,Mon,Jan,09:40:52,Early,1,1,1,2.5,Weekday,Low
Lower Manhattan,Coffee,Columbian Medium Roast Lg,2023-01-02,2,Mon,Jan,09:45:34,Early,1,1,1,3,Weekday,Low
Hell's Kitchen,Tea,English Breakfast Rg,2023-01-02,2,Mon,Jan,09:46:33,Early,1,1,1,5,Weekday,Low
Hell's Kitchen,Coffee,Ethiopia Rg,2023-01-02,2,Mon,Jan,09:48:46,Early,1,1,1,6,Weekday,Low
Hell's Kitchen,Coffee,Brazilian Lg,2023-01-02,2,Mon,Jan,09:50:09,Early,1,1,1,3.5,Weekday,Low
Lower Manhattan,Coffee,Our Old Time Diner Blend Rg,2023-01-02,2,Mon,Jan,09:50:57,Early,1,1,1,2.5,Weekday,Low
Lower Manhattan,Coffee,Brazilian Rg,2023-01-02,2,Mon,Jan,09:52:17,Early,1,1,1,3,Weekday,Low
Hell's Kitchen,Coffee,Jamaican Coffee River Sm,2023-01-02,2,Mon,Jan,09:54:48,Early,1,1,1,2.45,Weekday,Low
Hell's Kitchen,Coffee,Cappuccino Lg,2023-01-02,2,Mon,Jan,09:56:28,Early,1,1,1,8.5,Weekday,Low
Lower Manhattan,Tea,Earl Grey Lg,2023-01-02,2,Mon,Jan,09:56:45,Early,1,1,1,3,Weekday,Low
Lower Manhattan,Coffee,Espresso shot,2023-01-02,2,Mon,Jan,09:58:47,Early,1,1,1,6,Weekday,Low
Hell's Kitchen,Drinking Chocolate,Sustainably Grown Organic Lg,2023-01-02,2,Mon,Jan,10:01:57,Early,1,1,1,4.75,Weekday,Low
Hell's Kitchen,Coffee,Columbian Medium Roast Lg,2023-01-02,2,Mon,Jan,10:03:39,Early,1,1,1,3,Weekday,Low
Hell's Kitchen,Bakery,Chocolate Chip Biscotti,2023-01-02,2,Mon,Jan,10:03:39,Early,1,1,1,3.5,Weekday,Low
Lower Manhattan,Drinking Chocolate,Dark chocolate Rg,2023-01-02,2,Mon,Jan,10:05:11,Early,1,1,1,3.5,Weekday,Low
Lower Manhattan,Tea,Morning Sunrise Chai Lg,2023-01-02,2,Mon,Jan,10:05:22,Early,1,1,1,4,Weekday,Low
Lower Manhattan,Coffee,Brazilian Rg,2023-01-02,2,Mon,Jan,10:07:28,Early,1,1,1,3,Weekday,Low
Hell's Kitchen,Tea,Lemon Grass Lg,2023-01-02,2,Mon,Jan,10:08:23,Early,1,1,1,3,Weekday,Low
Hell's Kitchen,Tea,Spicy Eye Opener Chai Rg,2023-01-02,2,Mon,Jan,10:10:47,Early,1,1,1,5.1,Weekday,Low
Lower Manhattan,Coffee,Brazilian Rg,2023-01-02,2,Mon,Jan,10:13:55,Early,1,1,1,6,Weekday,Low
Lower Manhattan,Bakery,Jumbo Savory Scone,2023-01-02,2,Mon,Jan,10:13:55,Early,1,1,1,3.75,Weekday,Low
Lower Manhattan,Coffee,Columbian Medium Roast Sm,2023-01-02,2,Mon,Jan,10:16:43,Early,1,1,1,2,Weekday,Low
Hell's Kitchen,Drinking Chocolate,Sustainably Grown Organic Lg,2023-01-02,2,Mon,Jan,10:19:33,Early,1,1,1,4.75,Weekday,Low
Hell's Kitchen,Tea,Lemon Grass Rg,2023-01-02,2,Mon,Jan,10:20:52,Early,1,1,1,5,Weekday,Low
Lower Manhattan,Coffee,Our Old Time Diner Blend Rg,2023-01-02,2,Mon,Jan,10:22:19,Early,1,1,1,2.5,Weekday,Low
Lower Manhattan,Coffee,Our Old Time Diner Blend Rg,2023-01-02,2,Mon,Jan,10:26:49,Early,1,1,1,2.5,Weekday,Low
Lower Manhattan,Coffee,Brazilian Sm,2023-01-02,2,Mon,Jan,10:27:05,Early,1,1,1,2.2,Weekday,Low
Hell's Kitchen,Tea,Lemon Grass Rg,2023-01-02,2,Mon,Jan,10:28:41,Early,1,1,1,2.5,Weekday,Low
Hell's Kitchen,Tea,Peppermint Rg,2023-01-02,2,Mon,Jan,10:30:39,Early,1,1,1,5,Weekday,Low
Hell's Kitchen,Tea,Earl Grey Rg,2023-01-02,2,Mon,Jan,10:36:18,Early,1,1,1,5,Weekday,Low
Lower Manhattan,Tea,Earl Grey Lg,2023-01-02,2,Mon,Jan,10:36:44,Early,1,1,1,3,Weekday,Low
Hell's Kitchen,Tea,Earl Grey Lg,2023-01-02,2,Mon,Jan,10:38:55,Early,1,1,1,6,Weekday,Low
Lower Manhattan,Tea,Traditional Blend Chai Lg,2023-01-02,2,Mon,Jan,10:48:57,Early,1,1,1,3,Weekday,Low
Hell's Kitchen,Coffee,Ethiopia Rg,2023-01-02,2,Mon,Jan,10:49:58,Early,1,1,1,3,Weekday,Low
Hell's Kitchen,Tea,Morning Sunrise Chai Lg,2023-01-02,2,Mon,Jan,10:55:08,Early,1,1,1,4,Weekday,Low
Hell's Kitchen,Tea,English Breakfast Rg,2023-01-02,2,Mon,Jan,10:55:35,Early,1,1,1,2.5,Weekday,Low
Hell's Kitchen,Coffee,Ethiopia Rg,2023-01-02,2,Mon,Jan,10:59:58,Early,1,1,1,3,Weekday,Low
Lower Manhattan,Tea,English Breakfast Rg,2023-01-02,2,Mon,Jan,11:01:06,Early,1,1,1,5,Weekday,Low
Astoria,Coffee,Brazilian Lg,2023-01-02,2,Mon,Jan,11:04:21,Early,1,1,1,3.5,Weekday,Low
Astoria,Bakery,Cranberry Scone,2023-01-02,2,Mon,Jan,11:04:21,Early,1,1,1,3.25,Weekday,Low
Astoria,Coffee,Brazilian Rg,2023-01-02,2,Mon,Jan,11:06:10,Early,1,1,1,3,Weekday,Low
Astoria,Bakery,Oatmeal Scone,2023-01-02,2,Mon,Jan,11:06:10,Early,1,1,1,3,Weekday,Low
Lower Manhattan,Coffee,Brazilian Sm,2023-01-02,2,Mon,Jan,11:06:28,Early,1,1,1,2.2,Weekday,Low
Hell's Kitchen,Coffee,Columbian Medium Roast Rg,2023-01-02,2,Mon,Jan,11:10:15,Early,1,1,1,5,Weekday,Low
Astoria,Coffee,Brazilian Rg,2023-01-02,2,Mon,Jan,11:11:23,Early,1,1,1,6,Weekday,Low
Hell's Kitchen,Coffee,Cappuccino Lg,2023-01-02,2,Mon,Jan,11:12:05,Early,1,1,1,4.25,Weekday,Low
Lower Manhattan,Tea,Serenity Green Tea Rg,2023-01-02,2,Mon,Jan,11:12:33,Early,1,1,1,2.5,Weekday,Low
Astoria,Coffee,Our Old Time Diner Blend Sm,2023-01-02,2,Mon,Jan,11:13:01,Early,1,1,1,4,Weekday,Low
Hell's Kitchen,Tea,Earl Grey Rg,2023-01-02,2,Mon,Jan,11:13:37,Early,1,1,1,2.5,Weekday,Low
Astoria,Coffee,Ethiopia Rg,2023-01-02,2,Mon,Jan,11:14:15,Early,1,1,1,6,Weekday,Low
Astoria,Coffee,Cappuccino,2023-01-02,2,Mon,Jan,11:15:12,Early,1,1,1,3.75,Weekday,Low
Astoria,Coffee,Columbian Medium Roast Lg,2023-01-02,2,Mon,Jan,11:15:28,Early,1,1,1,3,Weekday,Low
Astoria,Tea,Lemon Grass Rg,2023-01-02,2,Mon,Jan,11:15:40,Early,1,1,1,2.5,Weekday,Low
Astoria,Coffee,Ethiopia Sm,2023-01-02,2,Mon,Jan,11:16:51,Early,1,1,1,4.4,Weekday,Low
Astoria,Bakery,Croissant,2023-01-02,2,Mon,Jan,11:16:51,Early,1,1,1,3.5,Weekday,Low
Astoria,Coffee,Jamaican Coffee River Lg,2023-01-02,2,Mon,Jan,11:18:12,Early,1,1,1,7.5,Weekday,Low
Astoria,Tea,Traditional Blend Chai Rg,2023-01-02,2,Mon,Jan,11:18:25,Early,1,1,1,5,Weekday,Low
Astoria,Coffee,Columbian Medium Roast Lg,2023-01-02,2,Mon,Jan,11:19:12,Early,1,1,1,6,Weekday,Low
Hell's Kitchen,Coffee,Jamaican Coffee River Rg,2023-01-02,2,Mon,Jan,11:19:42,Early,1,1,1,3.1,Weekday,Low
Astoria,Coffee,Columbian Medium Roast Rg,2023-01-02,2,Mon,Jan,11:21:43,Early,1,1,1,5,Weekday,Low
Astoria,Coffee,Latte,2023-01-02,2,Mon,Jan,11:21:49,Early,1,1,1,7.5,Weekday,Low
Astoria,Tea,Traditional Blend Chai Lg,2023-01-02,2,Mon,Jan,11:22:46,Early,1,1,1,3,Weekday,Low
Lower Manhattan,Tea,Morning Sunrise Chai Rg,2023-01-02,2,Mon,Jan,11:25:20,Early,1,1,1,5,Weekday,Low
Lower Manhattan,Tea,English Breakfast Rg,2023-01-02,2,Mon,Jan,11:27:35,Early,1,1,1,5,Weekday,Low
Hell's Kitchen,Tea,Serenity Green Tea Lg,2023-01-02,2,Mon,Jan,11:32:11,Early,1,1,1,6,Weekday,Low
Hell's Kitchen,Tea,Lemon Grass Lg,2023-01-02,2,Mon,Jan,11:34:44,Early,1,1,1,3,Weekday,Low
Astoria,Tea,English Breakfast Lg,2023-01-02,2,Mon,Jan,11:35:02,Early,1,1,1,3,Weekday,Low
Astoria,Bakery,Jumbo Savory Scone,2023-01-02,2,Mon,Jan,11:35:02,Early,1,1,1,3.75,Weekday,Low
Astoria,Coffee,Brazilian Sm,2023-01-02,2,Mon,Jan,11:35:14,Early,1,1,1,4.4,Weekday,Low
Astoria,Bakery,Hazelnut Biscotti,2023-01-02,2,Mon,Jan,11:35:14,Early,1,1,1,3.25,Weekday,Low
Lower Manhattan,Drinking Chocolate,Dark chocolate Rg,2023-01-02,2,Mon,Jan,11:36:50,Early,1,1,1,7,Weekday,Low
Astoria,Coffee,Our Old Time Diner Blend Lg,2023-01-02,2,Mon,Jan,11:38:23,Early,1,1,1,6,Weekday,Low
Lower Manhattan,Tea,Lemon Grass Rg,2023-01-02,2,Mon,Jan,11:39:11,Early,1,1,1,5,Weekday,Low
Lower Manhattan,Bakery,Ginger Biscotti,2023-01-02,2,Mon,Jan,11:39:11,Early,1,1,1,3.5,Weekday,Low
Hell's Kitchen,Tea,Peppermint Lg,2023-01-02,2,Mon,Jan,11:40:12,Early,1,1,1,6,Weekday,Low
Lower Manhattan,Tea,English Breakfast Rg,2023-01-02,2,Mon,Jan,11:41:54,Early,1,1,1,2.5,Weekday,Low
Hell's Kitchen,Tea,Peppermint Lg,2023-01-02,2,Mon,Jan,11:42:36,Early,1,1,1,6,Weekday,Low
Hell's Kitchen,Bakery,Ginger Scone,2023-01-02,2,Mon,Jan,11:42:36,Early,1,1,1,3.25,Weekday,Low
Astoria,Coffee,Brazilian Rg,2023-01-02,2,Mon,Jan,11:43:04,Early,1,1,1,6,Weekday,Low
Lower Manhattan,Tea,Peppermint Rg,2023-01-02,2,Mon,Jan,11:49:10,Early,1,1,1,2.5,Weekday,Low
Hell's Kitchen,Coffee,Ethiopia Lg,2023-01-02,2,Mon,Jan,11:50:18,Early,1,1,1,3.5,Weekday,Low
Hell's Kitchen,Coffee,Ethiopia Lg,2023-01-02,2,Mon,Jan,11:50:32,Early,1,1,1,3.5,Weekday,Low
Hell's Kitchen,Tea,English Breakfast Rg,2023-01-02,2,Mon,Jan,11:53:48,Early,1,1,1,5,Weekday,Low
Hell's Kitchen,Drinking Chocolate,Dark chocolate Lg,2023-01-02,2,Mon,Jan,11:53:54,Early,1,1,1,9,Weekday,Low
Lower Manhattan,Tea,Lemon Grass Lg,2023-01-02,2,Mon,Jan,11:54:01,Early,1,1,1,6,Weekday,Low
Astoria,Coffee,Brazilian Rg,2023-01-02,2,Mon,Jan,11:54:30,Early,1,1,1,3,Weekday,Low
Astoria,Tea,Traditional Blend Chai Lg,2023-01-02,2,Mon,Jan,11:55:31,Early,1,1,1,3,Weekday,Low
Hell's Kitchen,Coffee,Columbian Medium Roast Sm,2023-01-02,2,Mon,Jan,11:56:26,Early,1,1,1,2,Weekday,Low
Hell's Kitchen,Coffee,Espresso shot,2023-01-02,2,Mon,Jan,11:56:58,Early,1,1,1,3,Weekday,Low
Hell's Kitchen,Bakery,Scottish Cream Scone ,2023-01-02,2,Mon,Jan,11:56:58,Early,1,1,1,4.5,Weekday,Low
Hell's Kitchen,Coffee,Jamaican Coffee River Rg,2023-01-02,2,Mon,Jan,11:58:49,Early,1,1,1,6.2,Weekday,Low
Hell's Kitchen,Bakery,Chocolate Croissant,2023-01-02,2,Mon,Jan,11:58:49,Early,1,1,1,3.75,Weekday,Low
Astoria,Tea,Traditional Blend Chai Lg,2023-01-02,2,Mon,Jan,12:01:50,Mid-day,1,1,1,3,Weekday,Low
Astoria,Coffee,Our Old Time Diner Blend Rg,2023-01-02,2,Mon,Jan,12:03:47,Mid-day,1,1,1,2.5,Weekday,Low
Astoria,Coffee,Ethiopia Rg,2023-01-02,2,Mon,Jan,12:06:18,Mid-day,1,1,1,3,Weekday,Low
Astoria,Coffee,Our Old Time Diner Blend Lg,2023-01-02,2,Mon,Jan,12:12:01,Mid-day,1,1,1,6,Weekday,Low
Astoria,Tea,Lemon Grass Rg,2023-01-02,2,Mon,Jan,12:12:44,Mid-day,1,1,1,2.5,Weekday,Low
Hell's Kitchen,Tea,Morning Sunrise Chai Rg,2023-01-02,2,Mon,Jan,12:14:00,Mid-day,1,1,1,2.5,Weekday,Low
Astoria,Tea,Morning Sunrise Chai Lg,2023-01-02,2,Mon,Jan,12:18:13,Mid-day,1,1,1,4,Weekday,Low
Astoria,Coffee,Brazilian Sm,2023-01-02,2,Mon,Jan,12:18:22,Mid-day,1,1,1,4.4,Weekday,Low
Astoria,Bakery,Jumbo Savory Scone,2023-01-02,2,Mon,Jan,12:18:22,Mid-day,1,1,1,3.75,Weekday,Low
Lower Manhattan,Tea,Serenity Green Tea Lg,2023-01-02,2,Mon,Jan,12:20:43,Mid-day,1,1,1,3,Weekday,Low
Lower Manhattan,Bakery,Chocolate Croissant,2023-01-02,2,Mon,Jan,12:20:43,Mid-day,1,1,1,3.75,Weekday,Low
Hell's Kitchen,Tea,English Breakfast Rg,2023-01-02,2,Mon,Jan,12:21:38,Mid-day,1,1,1,2.5,Weekday,Low
Astoria,Tea,English Breakfast Lg,2023-01-02,2,Mon,Jan,12:21:39,Mid-day,1,1,1,3,Weekday,Low
Astoria,Tea,Traditional Blend Chai Lg,2023-01-02,2,Mon,Jan,12:21:58,Mid-day,1,1,1,6,Weekday,Low
Astoria,Coffee,Our Old Time Diner Blend Sm,2023-01-02,2,Mon,Jan,12:22:04,Mid-day,1,1,1,2,Weekday,Low
Lower Manhattan,Tea,Morning Sunrise Chai Lg,2023-01-02,2,Mon,Jan,12:22:12,Mid-day,1,1,1,4,Weekday,Low
Lower Manhattan,Bakery,Jumbo Savory Scone,2023-01-02,2,Mon,Jan,12:22:12,Mid-day,1,1,1,3.75,Weekday,Low
Lower Manhattan,Coffee,Our Old Time Diner Blend Sm,2023-01-02,2,Mon,Jan,12:23:03,Mid-day,1,1,1,2,Weekday,Low
Astoria,Tea,Lemon Grass Lg,2023-01-02,2,Mon,Jan,12:23:30,Mid-day,1,1,1,3,Weekday,Low
Astoria,Bakery,Scottish Cream Scone ,2023-01-02,2,Mon,Jan,12:23:30,Mid-day,1,1,1,4.5,Weekday,Low
Lower Manhattan,Coffee,Ethiopia Lg,2023-01-02,2,Mon,Jan,12:24:39,Mid-day,1,1,1,7,Weekday,Low
Lower Manhattan,Bakery,Hazelnut Biscotti,2023-01-02,2,Mon,Jan,12:24:39,Mid-day,1,1,1,3.25,Weekday,Low
Astoria,Coffee,Our Old Time Diner Blend Lg,2023-01-02,2,Mon,Jan,12:25:03,Mid-day,1,1,1,3,Weekday,Low
Lower Manhattan,Tea,Spicy Eye Opener Chai Rg,2023-01-02,2,Mon,Jan,12:25:24,Mid-day,1,1,1,5.1,Weekday,Low
Lower Manhattan,Coffee,Brazilian Sm,2023-01-02,2,Mon,Jan,12:26:13,Mid-day,1,1,1,4.4,Weekday,Low
Lower Manhattan,Bakery,Scottish Cream Scone ,2023-01-02,2,Mon,Jan,12:26:13,Mid-day,1,1,1,4.5,Weekday,Low
Hell's Kitchen,Coffee,Columbian Medium Roast Sm,2023-01-02,2,Mon,Jan,12:26:18,Mid-day,1,1,1,2,Weekday,Low
Hell's Kitchen,Drinking Chocolate,Sustainably Grown Organic Rg,2023-01-02,2,Mon,Jan,12:27:01,Mid-day,1,1,1,3.75,Weekday,Low
Astoria,Tea,Earl Grey Lg,2023-01-02,2,Mon,Jan,12:28:08,Mid-day,1,1,1,6,Weekday,Low
Astoria,Drinking Chocolate,Sustainably Grown Organic Rg,2023-01-02,2,Mon,Jan,12:28:25,Mid-day,1,1,1,3.75,Weekday,Low
Astoria,Coffee,Our Old Time Diner Blend Lg,2023-01-02,2,Mon,Jan,12:29:07,Mid-day,1,1,1,3,Weekday,Low
Astoria,Tea,Earl Grey Rg,2023-01-02,2,Mon,Jan,12:30:43,Mid-day,1,1,1,5,Weekday,Low
Hell's Kitchen,Tea,Spicy Eye Opener Chai Lg,2023-01-02,2,Mon,Jan,12:32:19,Mid-day,1,1,1,3.1,Weekday,Low
Astoria,Coffee,Ethiopia Rg,2023-01-02,2,Mon,Jan,12:33:04,Mid-day,1,1,1,6,Weekday,Low
Astoria,Coffee,Our Old Time Diner Blend Lg,2023-01-02,2,Mon,Jan,12:34:00,Mid-day,1,1,1,3,Weekday,Low
Hell's Kitchen,Tea,Lemon Grass Lg,2023-01-02,2,Mon,Jan,12:36:06,Mid-day,1,1,1,3,Weekday,Low
Lower Manhattan,Coffee,Brazilian Sm,2023-01-02,2,Mon,Jan,12:36:37,Mid-day,1,1,1,2.2,Weekday,Low
Hell's Kitchen,Coffee,Ouro Brasileiro shot,2023-01-02,2,Mon,Jan,12:38:47,Mid-day,1,1,1,6,Weekday,Low
Astoria,Tea,Spicy Eye Opener Chai Rg,2023-01-02,2,Mon,Jan,12:38:51,Mid-day,1,1,1,2.55,Weekday,Low
Lower Manhattan,Coffee,Ouro Brasileiro shot,2023-01-02,2,Mon,Jan,12:39:04,Mid-day,1,1,1,6,Weekday,Low
Hell's Kitchen,Coffee,Ouro Brasileiro shot,2023-01-02,2,Mon,Jan,12:41:28,Mid-day,1,1,1,3,Weekday,Low
Lower Manhattan,Tea,Traditional Blend Chai Rg,2023-01-02,2,Mon,Jan,12:42:19,Mid-day,1,1,1,2.5,Weekday,Low
Hell's Kitchen,Drinking Chocolate,Sustainably Grown Organic Rg,2023-01-02,2,Mon,Jan,12:42:47,Mid-day,1,1,1,3.75,Weekday,Low
Lower Manhattan,Coffee,Brazilian Rg,2023-01-02,2,Mon,Jan,12:45:02,Mid-day,1,1,1,3,Weekday,Low
Astoria,Tea,Serenity Green Tea Rg,2023-01-02,2,Mon,Jan,12:46:04,Mid-day,1,1,1,5,Weekday,Low
Astoria,Tea,Serenity Green Tea Rg,2023-01-02,2,Mon,Jan,12:47:49,Mid-day,1,1,1,5,Weekday,Low
Hell's Kitchen,Coffee,Our Old Time Diner Blend Sm,2023-01-02,2,Mon,Jan,12:53:16,Mid-day,1,1,1,4,Weekday,Low
Lower Manhattan,Drinking Chocolate,Dark chocolate Rg,2023-01-02,2,Mon,Jan,12:54:07,Mid-day,1,1,1,3.5,Weekday,Low
Lower Manhattan,Bakery,Oatmeal Scone,2023-01-02,2,Mon,Jan,12:54:07,Mid-day,1,1,1,3,Weekday,Low
Lower Manhattan,Tea,Traditional Blend Chai Rg,2023-01-02,2,Mon,Jan,12:54:53,Mid-day,1,1,1,5,Weekday,Low
Astoria,Tea,Traditional Blend Chai Rg,2023-01-02,2,Mon,Jan,12:55:19,Mid-day,1,1,1,2.5,Weekday,Low
Hell's Kitchen,Coffee,Columbian Medium Roast Lg,2023-01-02,2,Mon,Jan,12:57:55,Mid-day,1,1,1,6,Weekday,Low
Astoria,Tea,Traditional Blend Chai Lg,2023-01-02,2,Mon,Jan,12:58:04,Mid-day,1,1,1,6,Weekday,Low
Hell's Kitchen,Coffee,Brazilian Rg,2023-01-02,2,Mon,Jan,12:58:38,Mid-day,1,1,1,6,Weekday,Low
Hell's Kitchen,Coffee,Jamaican Coffee River Rg,2023-01-02,2,Mon,Jan,12:58:57,Mid-day,1,1,1,3.1,Weekday,Low
Hell's Kitchen,Tea,Serenity Green Tea Lg,2023-01-02,2,Mon,Jan,12:59:28,Mid-day,1,1,1,3,Weekday,Low
Astoria,Coffee,Our Old Time Diner Blend Lg,2023-01-02,2,Mon,Jan,12:59:45,Mid-day,1,1,1,6,Weekday,Low
Astoria,Coffee,Brazilian Lg,2023-01-02,2,Mon,Jan,13:02:03,Mid-day,1,1,1,7,Weekday,Low
Hell's Kitchen,Coffee,Cappuccino,2023-01-02,2,Mon,Jan,13:03:14,Mid-day,1,1,1,7.5,Weekday,Low
Hell's Kitchen,Bakery,Chocolate Chip Biscotti,2023-01-02,2,Mon,Jan,13:03:14,Mid-day,1,1,1,3.5,Weekday,Low
Lower Manhattan,Coffee,Our Old Time Diner Blend Sm,2023-01-02,2,Mon,Jan,13:03:33,Mid-day,1,1,1,4,Weekday,Low
Astoria,Coffee,Columbian Medium Roast Sm,2023-01-02,2,Mon,Jan,13:03:53,Mid-day,1,1,1,4,Weekday,Low
Hell's Kitchen,Tea,English Breakfast Lg,2023-01-02,2,Mon,Jan,13:04:02,Mid-day,1,1,1,3,Weekday,Low
Astoria,Coffee,Brazilian Lg,2023-01-02,2,Mon,Jan,13:04:56,Mid-day,1,1,1,7,Weekday,Low
Astoria,Drinking Chocolate,Sustainably Grown Organic Lg,2023-01-02,2,Mon,Jan,13:05:41,Mid-day,1,1,1,4.75,Weekday,Low
Lower Manhattan,Tea,Earl Grey Lg,2023-01-02,2,Mon,Jan,13:09:27,Mid-day,1,1,1,3,Weekday,Low
Lower Manhattan,Bakery,Cranberry Scone,2023-01-02,2,Mon,Jan,13:09:27,Mid-day,1,1,1,3.25,Weekday,Low
Hell's Kitchen,Coffee,Ethiopia Lg,2023-01-02,2,Mon,Jan,13:10:17,Mid-day,1,1,1,3.5,Weekday,Low
Hell's Kitchen,Bakery,Scottish Cream Scone ,2023-01-02,2,Mon,Jan,13:10:17,Mid-day,1,1,1,4.5,Weekday,Low
Hell's Kitchen,Tea,Lemon Grass Lg,2023-01-02,2,Mon,Jan,13:10:41,Mid-day,1,1,1,6,Weekday,Low
Lower Manhattan,Coffee,Ethiopia Sm,2023-01-02,2,Mon,Jan,13:14:54,Mid-day,1,1,1,4.4,Weekday,Low
Lower Manhattan,Coffee,Our Old Time Diner Blend Lg,2023-01-02,2,Mon,Jan,13:15:40,Mid-day,1,1,1,3,Weekday,Low
Astoria,Tea,Serenity Green Tea Rg,2023-01-02,2,Mon,Jan,13:21:09,Mid-day,1,1,1,5,Weekday,Low
Hell's Kitchen,Tea,Earl Grey Rg,2023-01-02,2,Mon,Jan,13:21:23,Mid-day,1,1,1,5,Weekday,Low
Astoria,Coffee,Latte Rg,2023-01-02,2,Mon,Jan,13:23:18,Mid-day,1,1,1,8.5,Weekday,Low
Astoria,Tea,Peppermint Rg,2023-01-02,2,Mon,Jan,13:23:38,Mid-day,1,1,1,2.5,Weekday,Low
Astoria,Coffee,Ethiopia Sm,2023-01-02,2,Mon,Jan,13:24:33,Mid-day,1,1,1,4.4,Weekday,Low
Hell's Kitchen,Tea,Spicy Eye Opener Chai Lg,2023-01-02,2,Mon,Jan,13:25:02,Mid-day,1,1,1,3.1,Weekday,Low
Astoria,Tea,Serenity Green Tea Lg,2023-01-02,2,Mon,Jan,13:26:47,Mid-day,1,1,1,3,Weekday,Low
Hell's Kitchen,Tea,Peppermint Rg,2023-01-02,2,Mon,Jan,13:28:24,Mid-day,1,1,1,5,Weekday,Low
Astoria,Coffee,Latte,2023-01-02,2,Mon,Jan,13:29:51,Mid-day,1,1,1,3.75,Weekday,Low
Astoria,Tea,Spicy Eye Opener Chai Rg,2023-01-02,2,Mon,Jan,13:29:59,Mid-day,1,1,1,2.55,Weekday,Low
Astoria,Coffee,Brazilian Lg,2023-01-02,2,Mon,Jan,13:30:00,Mid-day,1,1,1,7,Weekday,Low
Astoria,Bakery,Chocolate Chip Biscotti,2023-01-02,2,Mon,Jan,13:30:00,Mid-day,1,1,1,3.5,Weekday,Low
Hell's Kitchen,Tea,Earl Grey Rg,2023-01-02,2,Mon,Jan,13:30:05,Mid-day,1,1,1,2.5,Weekday,Low
Astoria,Coffee,Columbian Medium Roast Lg,2023-01-02,2,Mon,Jan,13:30:15,Mid-day,1,1,1,3,Weekday,Low
Astoria,Coffee,Latte Rg,2023-01-02,2,Mon,Jan,13:30:30,Mid-day,1,1,1,8.5,Weekday,Low
Hell's Kitchen,Coffee,Ethiopia Sm,2023-01-02,2,Mon,Jan,13:30:30,Mid-day,1,1,1,2.2,Weekday,Low
Hell's Kitchen,Coffee,Our Old Time Diner Blend Rg,2023-01-02,2,Mon,Jan,13:34:02,Mid-day,1,1,1,2.5,Weekday,Low
Lower Manhattan,Coffee,Ethiopia Rg,2023-01-02,2,Mon,Jan,13:35:24,Mid-day,1,1,1,6,Weekday,Low
Hell's Kitchen,Coffee,Columbian Medium Roast Lg,2023-01-02,2,Mon,Jan,13:35:24,Mid-day,1,1,1,6,Weekday,Low
Astoria,Coffee,Our Old Time Diner Blend Rg,2023-01-02,2,Mon,Jan,13:39:11,Mid-day,1,1,1,5,Weekday,Low
Astoria,Coffee,Latte Rg,2023-01-02,2,Mon,Jan,13:40:11,Mid-day,1,1,1,4.25,Weekday,Low
Hell's Kitchen,Tea,Serenity Green Tea Lg,2023-01-02,2,Mon,Jan,13:40:36,Mid-day,1,1,1,6,Weekday,Low
Lower Manhattan,Tea,English Breakfast Rg,2023-01-02,2,Mon,Jan,13:40:53,Mid-day,1,1,1,2.5,Weekday,Low
Lower Manhattan,Bakery,Jumbo Savory Scone,2023-01-02,2,Mon,Jan,13:40:53,Mid-day,1,1,1,3.75,Weekday,Low
Hell's Kitchen,Coffee,Jamaican Coffee River Lg,2023-01-02,2,Mon,Jan,13:42:07,Mid-day,1,1,1,3.75,Weekday,Low
Astoria,Coffee,Columbian Medium Roast Sm,2023-01-02,2,Mon,Jan,13:47:24,Mid-day,1,1,1,2,Weekday,Low
Hell's Kitchen,Drinking Chocolate,Dark chocolate Lg,2023-01-02,2,Mon,Jan,13:47:27,Mid-day,1,1,1,9,Weekday,Low
Hell's Kitchen,Coffee,Brazilian Rg,2023-01-02,2,Mon,Jan,13:48:27,Mid-day,1,1,1,6,Weekday,Low
Hell's Kitchen,Bakery,Almond Croissant,2023-01-02,2,Mon,Jan,13:48:27,Mid-day,1,1,1,3.75,Weekday,Low
Astoria,Drinking Chocolate,Sustainably Grown Organic Rg,2023-01-02,2,Mon,Jan,13:51:33,Mid-day,1,1,1,3.75,Weekday,Low
Astoria,Bakery,Cranberry Scone,2023-01-02,2,Mon,Jan,13:51:33,Mid-day,1,1,1,3.25,Weekday,Low
Astoria,Tea,Morning Sunrise Chai Rg,2023-01-02,2,Mon,Jan,13:52:27,Mid-day,1,1,1,5,Weekday,Low
Hell's Kitchen,Coffee,Brazilian Rg,2023-01-02,2,Mon,Jan,13:53:04,Mid-day,1,1,1,3,Weekday,Low
Hell's Kitchen,Bakery,Jumbo Savory Scone,2023-01-02,2,Mon,Jan,13:53:04,Mid-day,1,1,1,3.75,Weekday,Low
Hell's Kitchen,Coffee,Our Old Time Diner Blend Rg,2023-01-02,2,Mon,Jan,13:55:38,Mid-day,1,1,1,2.5,Weekday,Low
Hell's Kitchen,Bakery,Chocolate Croissant,2023-01-02,2,Mon,Jan,13:55:38,Mid-day,1,1,1,3.75,Weekday,Low
Lower Manhattan,Coffee,Latte Rg,2023-01-02,2,Mon,Jan,13:56:19,Mid-day,1,1,1,4.25,Weekday,Low
Hell's Kitchen,Coffee,Latte,2023-01-02,2,Mon,Jan,13:57:59,Mid-day,1,1,1,7.5,Weekday,Low
Astoria,Coffee,Jamaican Coffee River Lg,2023-01-02,2,Mon,Jan,13:58:30,Mid-day,1,1,1,7.5,Weekday,Low
Astoria,Coffee,Latte Rg,2023-01-02,2,Mon,Jan,13:58:36,Mid-day,1,1,1,4.25,Weekday,Low
Hell's Kitchen,Tea,Serenity Green Tea Rg,2023-01-02,2,Mon,Jan,14:01:23,Afternoon,1,1,1,2.5,Weekday,Low
Hell's Kitchen,Coffee,Brazilian Sm,2023-01-02,2,Mon,Jan,14:02:16,Afternoon,1,1,1,4.4,Weekday,Low
Astoria,Coffee,Our Old Time Diner Blend Sm,2023-01-02,2,Mon,Jan,14:02:44,Afternoon,1,1,1,4,Weekday,Low
Astoria,Drinking Chocolate,Dark chocolate Lg,2023-01-02,2,Mon,Jan,14:03:27,Afternoon,1,1,1,4.5,Weekday,Low
Lower Manhattan,Tea,Spicy Eye Opener Chai Rg,2023-01-02,2,Mon,Jan,14:05:27,Afternoon,1,1,1,2.55,Weekday,Low
Lower Manhattan,Bakery,Croissant,2023-01-02,2,Mon,Jan,14:05:27,Afternoon,1,1,1,3.5,Weekday,Low
Astoria,Coffee,Espresso shot,2023-01-02,2,Mon,Jan,14:07:17,Afternoon,1,1,1,3,Weekday,Low
Lower Manhattan,Drinking Chocolate,Sustainably Grown Organic Rg,2023-01-02,2,Mon,Jan,14:07:49,Afternoon,1,1,1,7.5,Weekday,Low
Astoria,Coffee,Cappuccino,2023-01-02,2,Mon,Jan,14:08:49,Afternoon,1,1,1,3.75,Weekday,Low
Lower Manhattan,Coffee,Columbian Medium Roast Sm,2023-01-02,2,Mon,Jan,14:11:08,Afternoon,1,1,1,2,Weekday,Low
Hell's Kitchen,Tea,Serenity Green Tea Rg,2023-01-02,2,Mon,Jan,14:12:00,Afternoon,1,1,1,2.5,Weekday,Low
Lower Manhattan,Tea,Earl Grey Lg,2023-01-02,2,Mon,Jan,14:12:07,Afternoon,1,1,1,6,Weekday,Low
Astoria,Tea,Morning Sunrise Chai Rg,2023-01-02,2,Mon,Jan,14:12:35,Afternoon,1,1,1,5,Weekday,Low
Astoria,Bakery,Ginger Scone,2023-01-02,2,Mon,Jan,14:12:35,Afternoon,1,1,1,3.25,Weekday,Low
Hell's Kitchen,Tea,Morning Sunrise Chai Lg,2023-01-02,2,Mon,Jan,14:13:26,Afternoon,1,1,1,4,Weekday,Low
Lower Manhattan,Coffee,Brazilian Sm,2023-01-02,2,Mon,Jan,14:13:37,Afternoon,1,1,1,4.4,Weekday,Low
Astoria,Drinking Chocolate,Dark chocolate Rg,2023-01-02,2,Mon,Jan,14:14:26,Afternoon,1,1,1,7,Weekday,Low
Astoria,Coffee,Our Old Time Diner Blend Rg,2023-01-02,2,Mon,Jan,14:17:08,Afternoon,1,1,1,2.5,Weekday,Low
Astoria,Drinking Chocolate,Sustainably Grown Organic Lg,2023-01-02,2,Mon,Jan,14:17:55,Afternoon,1,1,1,9.5,Weekday,Low
Astoria,Bakery,Croissant,2023-01-02,2,Mon,Jan,14:17:55,Afternoon,1,1,1,3.5,Weekday,Low
Astoria,Tea,English Breakfast Lg,2023-01-02,2,Mon,Jan,14:19:24,Afternoon,1,1,1,3,Weekday,Low
Hell's Kitchen,Coffee,Cappuccino Lg,2023-01-02,2,Mon,Jan,14:21:55,Afternoon,1,1,1,8.5,Weekday,Low
Astoria,Coffee,Columbian Medium Roast Lg,2023-01-02,2,Mon,Jan,14:24:46,Afternoon,1,1,1,3,Weekday,Low
Hell's Kitchen,Coffee,Ethiopia Sm,2023-01-02,2,Mon,Jan,14:25:35,Afternoon,1,1,1,2.2,Weekday,Low
Hell's Kitchen,Coffee,Jamaican Coffee River Lg,2023-01-02,2,Mon,Jan,14:26:33,Afternoon,1,1,1,3.75,Weekday,Low
Astoria,Tea,Lemon Grass Lg,2023-01-02,2,Mon,Jan,14:29:35,Afternoon,1,1,1,6,Weekday,Low
Astoria,Bakery,Chocolate Croissant,2023-01-02,2,Mon,Jan,14:29:35,Afternoon,1,1,1,3.75,Weekday,Low
Astoria,Coffee,Our Old Time Diner Blend Sm,2023-01-02,2,Mon,Jan,14:33:26,Afternoon,1,1,1,2,Weekday,Low
Lower Manhattan,Coffee,Espresso shot,2023-01-02,2,Mon,Jan,14:33:58,Afternoon,1,1,1,6,Weekday,Low
Astoria,Tea,English Breakfast Rg,2023-01-02,2,Mon,Jan,14:34:53,Afternoon,1,1,1,2.5,Weekday,Low
Lower Manhattan,Coffee,Ouro Brasileiro shot,2023-01-02,2,Mon,Jan,14:36:56,Afternoon,1,1,1,6,Weekday,Low
Hell's Kitchen,Tea,Traditional Blend Chai Rg,2023-01-02,2,Mon,Jan,14:37:44,Afternoon,1,1,1,5,Weekday,Low
Hell's Kitchen,Coffee,Our Old Time Diner Blend Lg,2023-01-02,2,Mon,Jan,14:39:18,Afternoon,1,1,1,3,Weekday,Low
Astoria,Coffee,Cappuccino,2023-01-02,2,Mon,Jan,14:40:25,Afternoon,1,1,1,7.5,Weekday,Low
Astoria,Tea,Serenity Green Tea Lg,2023-01-02,2,Mon,Jan,14:42:21,Afternoon,1,1,1,3,Weekday,Low
Astoria,Bakery,Ginger Scone,2023-01-02,2,Mon,Jan,14:42:21,Afternoon,1,1,1,3.25,Weekday,Low
Lower Manhattan,Tea,Traditional Blend Chai Rg,2023-01-02,2,Mon,Jan,14:44:28,Afternoon,1,1,1,5,Weekday,Low
Hell's Kitchen,Coffee,Our Old Time Diner Blend Rg,2023-01-02,2,Mon,Jan,14:46:31,Afternoon,1,1,1,5,Weekday,Low
Lower Manhattan,Coffee,Brazilian Lg,2023-01-02,2,Mon,Jan,14:48:02,Afternoon,1,1,1,7,Weekday,Low
Lower Manhattan,Coffee,Cappuccino Lg,2023-01-02,2,Mon,Jan,14:48:05,Afternoon,1,1,1,4.25,Weekday,Low
Hell's Kitchen,Coffee,Ethiopia Rg,2023-01-02,2,Mon,Jan,14:48:53,Afternoon,1,1,1,3,Weekday,Low
Astoria,Coffee,Jamaican Coffee River Lg,2023-01-02,2,Mon,Jan,14:51:11,Afternoon,1,1,1,3.75,Weekday,Low
Lower Manhattan,Tea,Serenity Green Tea Rg,2023-01-02,2,Mon,Jan,14:52:26,Afternoon,1,1,1,2.5,Weekday,Low
Lower Manhattan,Bakery,Chocolate Chip Biscotti,2023-01-02,2,Mon,Jan,14:52:26,Afternoon,1,1,1,3.5,Weekday,Low
Astoria,Coffee,Espresso shot,2023-01-02,2,Mon,Jan,14:54:33,Afternoon,1,1,1,6,Weekday,Low
Lower Manhattan,Coffee,Ouro Brasileiro shot,2023-01-02,2,Mon,Jan,14:54:40,Afternoon,1,1,1,3,Weekday,Low
Lower Manhattan,Tea,Traditional Blend Chai Rg,2023-01-02,2,Mon,Jan,14:54:46,Afternoon,1,1,1,5,Weekday,Low
Hell's Kitchen,Coffee,Jamaican Coffee River Lg,2023-01-02,2,Mon,Jan,14:55:38,Afternoon,1,1,1,7.5,Weekday,Low
Hell's Kitchen,Coffee,Ouro Brasileiro shot,2023-01-02,2,Mon,Jan,14:58:21,Afternoon,1,1,1,6,Weekday,Low
Hell's Kitchen,Tea,Serenity Green Tea Rg,2023-01-02,2,Mon,Jan,14:58:28,Afternoon,1,1,1,5,Weekday,Low
Hell's Kitchen,Coffee,Columbian Medium Roast Lg,2023-01-02,2,Mon,Jan,14:59:08,Afternoon,1,1,1,3,Weekday,Low
Astoria,Coffee,Brazilian Rg,2023-01-02,2,Mon,Jan,15:03:12,Afternoon,1,1,1,6,Weekday,Low
Astoria,Bakery,Almond Croissant,2023-01-02,2,Mon,Jan,15:03:12,Afternoon,1,1,1,3.75,Weekday,Low
Astoria,Coffee,Our Old Time Diner Blend Rg,2023-01-02,2,Mon,Jan,15:04:21,Afternoon,1,1,1,5,Weekday,Low
Astoria,Coffee,Brazilian Lg,2023-01-02,2,Mon,Jan,15:05:22,Afternoon,1,1,1,3.5,Weekday,Low
Astoria,Bakery,Jumbo Savory Scone,2023-01-02,2,Mon,Jan,15:05:22,Afternoon,1,1,1,3.75,Weekday,Low
Lower Manhattan,Coffee,Ethiopia Sm,2023-01-02,2,Mon,Jan,15:09:48,Afternoon,1,1,1,4.4,Weekday,Low
Hell's Kitchen,Tea,Peppermint Rg,2023-01-02,2,Mon,Jan,15:10:48,Afternoon,1,1,1,2.5,Weekday,Low
Astoria,Tea,Traditional Blend Chai Rg,2023-01-02,2,Mon,Jan,15:12:44,Afternoon,1,1,1,2.5,Weekday,Low
Astoria,Coffee,Cappuccino,2023-01-02,2,Mon,Jan,15:15:03,Afternoon,1,1,1,3.75,Weekday,Low
Astoria,Bakery,Oatmeal Scone,2023-01-02,2,Mon,Jan,15:15:03,Afternoon,1,1,1,3,Weekday,Low
Lower Manhattan,Drinking Chocolate,Dark chocolate Lg,2023-01-02,2,Mon,Jan,15:18:41,Afternoon,1,1,1,4.5,Weekday,Low
Astoria,Tea,Traditional Blend Chai Lg,2023-01-02,2,Mon,Jan,15:19:46,Afternoon,1,1,1,3,Weekday,Low
Astoria,Tea,Serenity Green Tea Lg,2023-01-02,2,Mon,Jan,15:21:45,Afternoon,1,1,1,6,Weekday,Low
Hell's Kitchen,Coffee,Columbian Medium Roast Sm,2023-01-02,2,Mon,Jan,15:22:19,Afternoon,1,1,1,4,Weekday,Low
Hell's Kitchen,Tea,Peppermint Lg,2023-01-02,2,Mon,Jan,15:23:29,Afternoon,1,1,1,6,Weekday,Low
Astoria,Drinking Chocolate,Sustainably Grown Organic Rg,2023-01-02,2,Mon,Jan,15:24:16,Afternoon,1,1,1,3.75,Weekday,Low
Lower Manhattan,Tea,English Breakfast Rg,2023-01-02,2,Mon,Jan,15:24:52,Afternoon,1,1,1,5,Weekday,Low
Astoria,Tea,Earl Grey Rg,2023-01-02,2,Mon,Jan,15:26:08,Afternoon,1,1,1,2.5,Weekday,Low
Lower Manhattan,Tea,Lemon Grass Rg,2023-01-02,2,Mon,Jan,15:26:22,Afternoon,1,1,1,5,Weekday,Low
Lower Manhattan,Bakery,Hazelnut Biscotti,2023-01-02,2,Mon,Jan,15:26:22,Afternoon,1,1,1,3.25,Weekday,Low
Astoria,Drinking Chocolate,Dark chocolate Rg,2023-01-02,2,Mon,Jan,15:27:43,Afternoon,1,1,1,3.5,Weekday,Low
Astoria,Coffee,Cappuccino Lg,2023-01-02,2,Mon,Jan,15:27:48,Afternoon,1,1,1,4.25,Weekday,Low
Lower Manhattan,Coffee,Ouro Brasileiro shot,2023-01-02,2,Mon,Jan,15:28:35,Afternoon,1,1,1,6,Weekday,Low
Lower Manhattan,Tea,Peppermint Rg,2023-01-02,2,Mon,Jan,15:29:31,Afternoon,1,1,1,5,Weekday,Low
Hell's Kitchen,Coffee,Cappuccino,2023-01-02,2,Mon,Jan,15:30:51,Afternoon,1,1,1,3.75,Weekday,Low
Hell's Kitchen,Tea,Peppermint Lg,2023-01-02,2,Mon,Jan,15:32:44,Afternoon,1,1,1,6,Weekday,Low
Lower Manhattan,Coffee,Jamaican Coffee River Sm,2023-01-02,2,Mon,Jan,15:34:44,Afternoon,1,1,1,4.9,Weekday,Low
Hell's Kitchen,Tea,Traditional Blend Chai Lg,2023-01-02,2,Mon,Jan,15:35:22,Afternoon,1,1,1,3,Weekday,Low
Hell's Kitchen,Bakery,Hazelnut Biscotti,2023-01-02,2,Mon,Jan,15:35:22,Afternoon,1,1,1,3.25,Weekday,Low
Lower Manhattan,Drinking Chocolate,Sustainably Grown Organic Rg,2023-01-02,2,Mon,Jan,15:35:30,Afternoon,1,1,1,7.5,Weekday,Low
Lower Manhattan,Bakery,Cranberry Scone,2023-01-02,2,Mon,Jan,15:35:30,Afternoon,1,1,1,3.25,Weekday,Low
Hell's Kitchen,Tea,Serenity Green Tea Rg,2023-01-02,2,Mon,Jan,15:36:29,Afternoon,1,1,1,5,Weekday,Low
Astoria,Coffee,Our Old Time Diner Blend Rg,2023-01-02,2,Mon,Jan,15:36:47,Afternoon,1,1,1,5,Weekday,Low
Hell's Kitchen,Coffee,Ethiopia Lg,2023-01-02,2,Mon,Jan,15:37:20,Afternoon,1,1,1,7,Weekday,Low
Hell's Kitchen,Bakery,Hazelnut Biscotti,2023-01-02,2,Mon,Jan,15:37:20,Afternoon,1,1,1,3.25,Weekday,Low
Lower Manhattan,Tea,Serenity Green Tea Lg,2023-01-02,2,Mon,Jan,15:38:44,Afternoon,1,1,1,6,Weekday,Low
Hell's Kitchen,Tea,Traditional Blend Chai Rg,2023-01-02,2,Mon,Jan,15:41:09,Afternoon,1,1,1,2.5,Weekday,Low
Hell's Kitchen,Bakery,Hazelnut Biscotti,2023-01-02,2,Mon,Jan,15:41:09,Afternoon,1,1,1,3.25,Weekday,Low
Lower Manhattan,Tea,Serenity Green Tea Lg,2023-01-02,2,Mon,Jan,15:41:55,Afternoon,1,1,1,6,Weekday,Low
Lower Manhattan,Bakery,Ginger Biscotti,2023-01-02,2,Mon,Jan,15:41:55,Afternoon,1,1,1,3.5,Weekday,Low
Hell's Kitchen,Coffee,Our Old Time Diner Blend Rg,2023-01-02,2,Mon,Jan,15:42:50,Afternoon,1,1,1,2.5,Weekday,Low
Astoria,Tea,Peppermint Rg,2023-01-02,2,Mon,Jan,15:44:59,Afternoon,1,1,1,5,Weekday,Low
Lower Manhattan,Tea,Serenity Green Tea Rg,2023-01-02,2,Mon,Jan,15:48:55,Afternoon,1,1,1,2.5,Weekday,Low
Lower Manhattan,Bakery,Almond Croissant,2023-01-02,2,Mon,Jan,15:48:55,Afternoon,1,1,1,3.75,Weekday,Low
Lower Manhattan,Tea,Lemon Grass Rg,2023-01-02,2,Mon,Jan,15:49:27,Afternoon,1,1,1,2.5,Weekday,Low
Lower Manhattan,Bakery,Scottish Cream Scone ,2023-01-02,2,Mon,Jan,15:49:27,Afternoon,1,1,1,4.5,Weekday,Low
Astoria,Tea,Morning Sunrise Chai Rg,2023-01-02,2,Mon,Jan,15:50:12,Afternoon,1,1,1,5,Weekday,Low
Astoria,Bakery,Jumbo Savory Scone,2023-01-02,2,Mon,Jan,15:50:12,Afternoon,1,1,1,3.75,Weekday,Low
Lower Manhattan,Tea,Serenity Green Tea Lg,2023-01-02,2,Mon,Jan,15:50:27,Afternoon,1,1,1,6,Weekday,Low
Hell's Kitchen,Tea,Serenity Green Tea Rg,2023-01-02,2,Mon,Jan,15:50:28,Afternoon,1,1,1,5,Weekday,Low
Lower Manhattan,Coffee,Jamaican Coffee River Sm,2023-01-02,2,Mon,Jan,15:51:29,Afternoon,1,1,1,2.45,Weekday,Low
Lower Manhattan,Coffee,Latte,2023-01-02,2,Mon,Jan,15:51:57,Afternoon,1,1,1,7.5,Weekday,Low
Lower Manhattan,Coffee,Jamaican Coffee River Sm,2023-01-02,2,Mon,Jan,15:52:14,Afternoon,1,1,1,4.9,Weekday,Low
Hell's Kitchen,Tea,Spicy Eye Opener Chai Rg,2023-01-02,2,Mon,Jan,15:52:58,Afternoon,1,1,1,2.55,Weekday,Low
Hell's Kitchen,Coffee,Columbian Medium Roast Sm,2023-01-02,2,Mon,Jan,15:54:43,Afternoon,1,1,1,4,Weekday,Low
Lower Manhattan,Tea,Morning Sunrise Chai Lg,2023-01-02,2,Mon,Jan,15:55:19,Afternoon,1,1,1,4,Weekday,Low
Lower Manhattan,Bakery,Jumbo Savory Scone,2023-01-02,2,Mon,Jan,15:55:19,Afternoon,1,1,1,3.75,Weekday,Low
Lower Manhattan,Tea,Spicy Eye Opener Chai Rg,2023-01-02,2,Mon,Jan,15:55:27,Afternoon,1,1,1,5.1,Weekday,Low
Hell's Kitchen,Tea,English Breakfast Rg,2023-01-02,2,Mon,Jan,15:56:41,Afternoon,1,1,1,2.5,Weekday,Low
Lower Manhattan,Coffee,Columbian Medium Roast Rg,2023-01-02,2,Mon,Jan,15:58:07,Afternoon,1,1,1,5,Weekday,Low
Astoria,Drinking Chocolate,Dark chocolate Rg,2023-01-02,2,Mon,Jan,15:59:37,Afternoon,1,1,1,3.5,Weekday,Low
Astoria,Tea,Lemon Grass Lg,2023-01-02,2,Mon,Jan,15:59:53,Afternoon,1,1,1,6,Weekday,Low
Astoria,Tea,Earl Grey Lg,2023-01-02,2,Mon,Jan,16:00:33,Afternoon,1,1,1,6,Weekday,Low
Astoria,Bakery,Scottish Cream Scone ,2023-01-02,2,Mon,Jan,16:00:33,Afternoon,1,1,1,4.5,Weekday,Low
Lower Manhattan,Coffee,Cappuccino,2023-01-02,2,Mon,Jan,16:02:09,Afternoon,1,1,1,3.75,Weekday,Low
Lower Manhattan,Tea,Peppermint Rg,2023-01-02,2,Mon,Jan,16:02:21,Afternoon,1,1,1,2.5,Weekday,Low
Lower Manhattan,Tea,Traditional Blend Chai Rg,2023-01-02,2,Mon,Jan,16:05:18,Afternoon,1,1,1,2.5,Weekday,Low
Lower Manhattan,Coffee,Jamaican Coffee River Sm,2023-01-02,2,Mon,Jan,16:06:01,Afternoon,1,1,1,4.9,Weekday,Low
Astoria,Coffee,Latte Rg,2023-01-02,2,Mon,Jan,16:06:18,Afternoon,1,1,1,4.25,Weekday,Low
Lower Manhattan,Tea,Morning Sunrise Chai Rg,2023-01-02,2,Mon,Jan,16:08:22,Afternoon,1,1,1,2.5,Weekday,Low
Astoria,Coffee,Latte Rg,2023-01-02,2,Mon,Jan,16:09:17,Afternoon,1,1,1,4.25,Weekday,Low
Astoria,Tea,Peppermint Lg,2023-01-02,2,Mon,Jan,16:09:45,Afternoon,1,1,1,6,Weekday,Low
Astoria,Coffee,Cappuccino,2023-01-02,2,Mon,Jan,16:11:04,Afternoon,1,1,1,3.75,Weekday,Low
Hell's Kitchen,Coffee,Brazilian Rg,2023-01-02,2,Mon,Jan,16:11:57,Afternoon,1,1,1,6,Weekday,Low
Hell's Kitchen,Tea,Serenity Green Tea Lg,2023-01-02,2,Mon,Jan,16:12:01,Afternoon,1,1,1,6,Weekday,Low
Lower Manhattan,Coffee,Columbian Medium Roast Lg,2023-01-02,2,Mon,Jan,16:14:09,Afternoon,1,1,1,3,Weekday,Low
Lower Manhattan,Bakery,Scottish Cream Scone ,2023-01-02,2,Mon,Jan,16:14:09,Afternoon,1,1,1,4.5,Weekday,Low
Astoria,Tea,Traditional Blend Chai Lg,2023-01-02,2,Mon,Jan,16:18:15,Afternoon,1,1,1,6,Weekday,Low
Astoria,Coffee,Latte,2023-01-02,2,Mon,Jan,16:19:33,Afternoon,1,1,1,3.75,Weekday,Low
Lower Manhattan,Drinking Chocolate,Sustainably Grown Organic Rg,2023-01-02,2,Mon,Jan,16:19:48,Afternoon,1,1,1,7.5,Weekday,Low
Lower Manhattan,Bakery,Scottish Cream Scone ,2023-01-02,2,Mon,Jan,16:19:48,Afternoon,1,1,1,4.5,Weekday,Low
Astoria,Tea,English Breakfast Rg,2023-01-02,2,Mon,Jan,16:22:25,Afternoon,1,1,1,2.5,Weekday,Low
Astoria,Coffee,Brazilian Lg,2023-01-02,2,Mon,Jan,16:22:30,Afternoon,1,1,1,7,Weekday,Low
Lower Manhattan,Coffee,Brazilian Rg,2023-01-02,2,Mon,Jan,16:23:50,Afternoon,1,1,1,3,Weekday,Low
Astoria,Tea,Morning Sunrise Chai Lg,2023-01-02,2,Mon,Jan,16:26:14,Afternoon,1,1,1,4,Weekday,Low
Astoria,Coffee,Brazilian Sm,2023-01-02,2,Mon,Jan,16:26:38,Afternoon,1,1,1,2.2,Weekday,Low
Astoria,Bakery,Almond Croissant,2023-01-02,2,Mon,Jan,16:26:38,Afternoon,1,1,1,3.75,Weekday,Low
Hell's Kitchen,Tea,Morning Sunrise Chai Rg,2023-01-02,2,Mon,Jan,16:26:49,Afternoon,1,1,1,2.5,Weekday,Low
Hell's Kitchen,Coffee,Jamaican Coffee River Lg,2023-01-02,2,Mon,Jan,16:28:26,Afternoon,1,1,1,3.75,Weekday,Low
Lower Manhattan,Coffee,Our Old Time Diner Blend Rg,2023-01-02,2,Mon,Jan,16:30:05,Afternoon,1,1,1,2.5,Weekday,Low
Astoria,Coffee,Our Old Time Diner Blend Lg,2023-01-02,2,Mon,Jan,16:30:07,Afternoon,1,1,1,3,Weekday,Low
Astoria,Bakery,Ginger Biscotti,2023-01-02,2,Mon,Jan,16:30:07,Afternoon,1,1,1,3.5,Weekday,Low
Hell's Kitchen,Tea,Traditional Blend Chai Lg,2023-01-02,2,Mon,Jan,16:30:37,Afternoon,1,1,1,6,Weekday,Low
Astoria,Coffee,Jamaican Coffee River Lg,2023-01-02,2,Mon,Jan,16:31:20,Afternoon,1,1,1,7.5,Weekday,Low
Hell's Kitchen,Tea,Traditional Blend Chai Rg,2023-01-02,2,Mon,Jan,16:31:48,Afternoon,1,1,1,2.5,Weekday,Low
Astoria,Tea,Traditional Blend Chai Rg,2023-01-02,2,Mon,Jan,16:32:14,Afternoon,1,1,1,5,Weekday,Low
Lower Manhattan,Tea,Earl Grey Rg,2023-01-02,2,Mon,Jan,16:32:25,Afternoon,1,1,1,5,Weekday,Low
Lower Manhattan,Tea,Spicy Eye Opener Chai Lg,2023-01-02,2,Mon,Jan,16:33:17,Afternoon,1,1,1,3.1,Weekday,Low
Lower Manhattan,Bakery,Croissant,2023-01-02,2,Mon,Jan,16:33:17,Afternoon,1,1,1,3.5,Weekday,Low
Lower Manhattan,Tea,Earl Grey Rg,2023-01-02,2,Mon,Jan,16:34:50,Afternoon,1,1,1,2.5,Weekday,Low
Astoria,Coffee,Ethiopia Sm,2023-01-02,2,Mon,Jan,16:35:22,Afternoon,1,1,1,2.2,Weekday,Low
Astoria,Tea,Morning Sunrise Chai Rg,2023-01-02,2,Mon,Jan,16:35:22,Afternoon,1,1,1,5,Weekday,Low
Hell's Kitchen,Tea,English Breakfast Lg,2023-01-02,2,Mon,Jan,16:35:54,Afternoon,1,1,1,6,Weekday,Low
Astoria,Coffee,Ethiopia Rg,2023-01-02,2,Mon,Jan,16:36:38,Afternoon,1,1,1,3,Weekday,Low
Lower Manhattan,Coffee,Our Old Time Diner Blend Sm,2023-01-02,2,Mon,Jan,16:41:26,Afternoon,1,1,1,4,Weekday,Low
Astoria,Tea,Earl Grey Lg,2023-01-02,2,Mon,Jan,16:42:11,Afternoon,1,1,1,6,Weekday,Low
Lower Manhattan,Coffee,Jamaican Coffee River Sm,2023-01-02,2,Mon,Jan,16:42:33,Afternoon,1,1,1,2.45,Weekday,Low
Lower Manhattan,Bakery,Oatmeal Scone,2023-01-02,2,Mon,Jan,16:42:33,Afternoon,1,1,1,3,Weekday,Low
Astoria,Coffee,Jamaican Coffee River Sm,2023-01-02,2,Mon,Jan,16:43:04,Afternoon,1,1,1,4.9,Weekday,Low
Lower Manhattan,Coffee,Ethiopia Rg,2023-01-02,2,Mon,Jan,16:44:55,Afternoon,1,1,1,6,Weekday,Low
Astoria,Tea,English Breakfast Rg,2023-01-02,2,Mon,Jan,16:47:01,Afternoon,1,1,1,2.5,Weekday,Low
Astoria,Tea,English Breakfast Lg,2023-01-02,2,Mon,Jan,16:49:41,Afternoon,1,1,1,3,Weekday,Low
Hell's Kitchen,Coffee,Brazilian Sm,2023-01-02,2,Mon,Jan,16:50:14,Afternoon,1,1,1,2.2,Weekday,Low
Astoria,Coffee,Jamaican Coffee River Sm,2023-01-02,2,Mon,Jan,16:51:09,Afternoon,1,1,1,4.9,Weekday,Low
Astoria,Bakery,Ginger Scone,2023-01-02,2,Mon,Jan,16:51:09,Afternoon,1,1,1,3.25,Weekday,Low
Astoria,Coffee,Our Old Time Diner Blend Lg,2023-01-02,2,Mon,Jan,16:55:58,Afternoon,1,1,1,6,Weekday,Low
Hell's Kitchen,Coffee,Cappuccino Lg,2023-01-02,2,Mon,Jan,16:56:14,Afternoon,1,1,1,4.25,Weekday,Low
Lower Manhattan,Coffee,Our Old Time Diner Blend Rg,2023-01-02,2,Mon,Jan,16:59:09,Afternoon,1,1,1,2.5,Weekday,Low
Hell's Kitchen,Coffee,Brazilian Sm,2023-01-02,2,Mon,Jan,17:00:52,Evening,1,1,1,2.2,Weekday,Low
Hell's Kitchen,Tea,Earl Grey Rg,2023-01-02,2,Mon,Jan,17:02:06,Evening,1,1,1,2.5,Weekday,Low
Lower Manhattan,Coffee,Columbian Medium Roast Rg,2023-01-02,2,Mon,Jan,17:02:59,Evening,1,1,1,5,Weekday,Low
Lower Manhattan,Bakery,Oatmeal Scone,2023-01-02,2,Mon,Jan,17:02:59,Evening,1,1,1,3,Weekday,Low
Astoria,Drinking Chocolate,Sustainably Grown Organic Rg,2023-01-02,2,Mon,Jan,17:04:56,Evening,1,1,1,3.75,Weekday,Low
Hell's Kitchen,Tea,Morning Sunrise Chai Lg,2023-01-02,2,Mon,Jan,17:10:24,Evening,1,1,1,8,Weekday,Low
Hell's Kitchen,Coffee,Ethiopia Lg,2023-01-02,2,Mon,Jan,17:10:36,Evening,1,1,1,3.5,Weekday,Low
Astoria,Tea,Lemon Grass Rg,2023-01-02,2,Mon,Jan,17:12:45,Evening,1,1,1,5,Weekday,Low
Hell's Kitchen,Tea,Lemon Grass Lg,2023-01-02,2,Mon,Jan,17:13:53,Evening,1,1,1,3,Weekday,Low
Lower Manhattan,Coffee,Brazilian Lg,2023-01-02,2,Mon,Jan,17:15:28,Evening,1,1,1,7,Weekday,Low
Lower Manhattan,Tea,Spicy Eye Opener Chai Lg,2023-01-02,2,Mon,Jan,17:15:35,Evening,1,1,1,6.2,Weekday,Low
Astoria,Tea,Traditional Blend Chai Lg,2023-01-02,2,Mon,Jan,17:17:00,Evening,1,1,1,6,Weekday,Low
Astoria,Bakery,Cranberry Scone,2023-01-02,2,Mon,Jan,17:17:00,Evening,1,1,1,3.25,Weekday,Low
Lower Manhattan,Coffee,Ethiopia Rg,2023-01-02,2,Mon,Jan,17:18:25,Evening,1,1,1,6,Weekday,Low
Hell's Kitchen,Tea,Morning Sunrise Chai Rg,2023-01-02,2,Mon,Jan,17:19:03,Evening,1,1,1,2.5,Weekday,Low
